customer_id,segment,country,orders_30d,support_tickets_30d,reachable_by_email,health_score,churn_risk_band
C00001,consumer,GR,7,0,false,88,low
C00002,enterprise,ES,3,2,true,53,medium
C00003,consumer,ES,1,2,true,35,medium
C00004,consumer,GR,3,3,true,16,high
C00005,mid_market,PT,1,2,false,10,high
C00006,enterprise,GR,2,1,true,56,medium
C00007,consumer,GR,3,2,false,53,medium
C00008,smb,PT,3,2,true,53,medium
C00009,mid_market,FR,2,0,true,68,low
C00010,mid_market,DE,7,0,true,100,low
C00011,smb,DE,2,4,true,20,high
C00012,smb,PT,7,0,true,100,low
C00013,mid_market,FR,4,0,true,86,low
C00014,smb,IT,5,3,true,59,medium
C00015,mid_market,PT,3,2,false,53,medium
C00016,consumer,FR,4,0,true,61,low
C00017,mid_market,GR,2,0,false,43,medium
C00018,enterprise,DE,6,6,true,32,medium
C00019,mid_market,FR,4,2,true,62,low
C00020,enterprise,PT,8,0,true,100,low
C00021,smb,FR,8,0,true,100,low
C00022,mid_market,FR,7,1,true,100,low
C00023,consumer,DE,5,0,false,70,low
C00024,consumer,GR,5,5,true,35,medium
C00025,enterprise,DE,5,2,true,71,low
C00026,smb,IT,5,4,false,47,medium
C00027,consumer,FR,5,0,true,95,low
C00028,mid_market,FR,6,2,true,80,low
C00029,consumer,FR,8,3,true,86,low
C00030,mid_market,FR,8,3,true,86,low
C00031,enterprise,DE,1,0,true,59,medium
C00032,smb,GR,6,2,false,55,medium
C00033,consumer,IT,2,0,true,68,low
C00034,smb,IT,5,3,true,59,medium
C00035,enterprise,IT,8,3,true,86,low
C00036,mid_market,FR,3,2,true,53,medium
C00037,smb,ES,4,0,true,86,low
C00038,consumer,IT,3,2,true,53,medium
C00039,mid_market,DE,2,0,true,68,low
C00040,smb,GR,6,1,true,92,low
C00041,consumer,ES,2,0,true,68,low
C00042,smb,GR,5,0,true,95,low
C00043,smb,PT,4,3,true,50,medium
C00044,enterprise,GR,3,0,true,77,low
C00045,smb,GR,7,5,true,53,medium
C00046,enterprise,DE,2,1,true,56,medium
C00047,smb,ES,4,2,true,62,low
C00048,consumer,FR,3,0,false,77,low
C00049,enterprise,IT,4,1,true,49,medium
C00050,mid_market,DE,6,0,true,100,low
C00051,mid_market,ES,5,6,true,23,high
C00052,consumer,ES,5,0,false,95,low
C00053,consumer,GR,8,4,false,74,low
C00054,enterprise,ES,5,0,false,95,low
C00055,smb,DE,3,0,true,77,low
C00056,consumer,IT,5,2,true,71,low
C00057,enterprise,GR,8,5,true,62,low
C00058,mid_market,FR,6,2,true,80,low
C00059,mid_market,IT,4,4,true,38,medium
C00060,smb,GR,4,0,true,86,low
C00061,consumer,FR,3,3,true,41,medium
C00062,enterprise,FR,5,3,true,34,medium
C00063,consumer,IT,6,1,false,67,low
C00064,smb,FR,1,4,true,0,high
C00065,consumer,PT,9,6,true,59,medium
C00066,smb,DE,1,0,true,59,medium
C00067,mid_market,GR,3,0,true,77,low
C00068,mid_market,DE,2,0,true,68,low
C00069,smb,FR,3,0,true,77,low
C00070,enterprise,DE,6,5,true,44,medium
C00071,smb,DE,5,0,true,95,low
C00072,enterprise,FR,5,0,true,95,low
C00073,enterprise,FR,2,2,true,44,medium
C00074,mid_market,GR,0,0,true,50,medium
C00075,smb,PT,2,2,true,44,medium
C00076,enterprise,ES,6,0,true,100,low
C00077,smb,ES,4,0,true,86,low
C00078,smb,FR,1,1,true,47,medium
C00079,mid_market,IT,3,2,true,28,high
C00080,consumer,FR,1,2,true,10,high
C00081,consumer,PT,2,0,true,68,low
C00082,mid_market,ES,5,2,true,71,low
C00083,mid_market,ES,2,0,false,68,low
C00084,enterprise,PT,4,0,true,61,low
C00085,smb,PT,3,0,true,77,low
C00086,mid_market,DE,4,0,true,86,low
C00087,mid_market,GR,5,0,true,95,low
C00088,consumer,ES,5,1,true,58,medium
C00089,smb,FR,2,2,true,44,medium
C00090,mid_market,IT,2,4,true,20,high
C00091,enterprise,FR,3,2,true,53,medium
C00092,consumer,GR,3,1,true,65,low
C00093,smb,FR,3,2,true,53,medium
C00094,smb,ES,5,2,true,71,low
C00095,consumer,FR,7,6,true,16,high
C00096,smb,IT,2,0,true,43,medium
C00097,consumer,GR,4,2,true,62,low
C00098,consumer,FR,5,2,true,46,medium
C00099,mid_market,ES,6,4,true,56,medium
C00100,consumer,PT,2,0,true,68,low
C00101,mid_market,ES,6,4,true,56,medium
C00102,mid_market,GR,1,1,true,47,medium
C00103,mid_market,DE,1,0,true,34,medium
C00104,mid_market,IT,3,0,true,52,medium
C00105,smb,DE,1,0,false,59,medium
C00106,mid_market,ES,9,0,true,100,low
C00107,mid_market,IT,2,3,true,7,high
C00108,consumer,PT,3,2,true,53,medium
C00109,mid_market,FR,3,0,true,77,low
C00110,smb,ES,5,2,true,71,low
C00111,mid_market,PT,6,2,true,80,low
C00112,smb,GR,5,0,false,95,low
C00113,enterprise,IT,2,0,true,68,low
C00114,enterprise,GR,3,2,true,53,medium
C00115,smb,DE,4,6,true,14,high
C00116,consumer,FR,5,2,true,71,low
C00117,smb,GR,6,7,true,20,high
C00118,mid_market,GR,2,3,true,32,medium
C00119,smb,FR,1,0,true,34,medium
C00120,consumer,PT,1,1,true,22,high
C00121,mid_market,ES,3,0,false,77,low
C00122,enterprise,PT,2,0,false,68,low
C00123,consumer,GR,2,0,true,68,low
C00124,mid_market,FR,5,4,true,47,medium
C00125,smb,IT,2,1,true,31,medium
C00126,smb,ES,4,4,true,38,medium
C00127,smb,IT,3,1,true,65,low
C00128,mid_market,ES,3,2,true,53,medium
C00129,mid_market,PT,4,4,true,13,high
C00130,mid_market,ES,0,0,true,50,medium
C00131,enterprise,FR,6,2,false,80,low
C00132,smb,PT,4,4,false,13,high
C00133,enterprise,PT,4,0,true,86,low
C00134,smb,GR,2,4,true,20,high
C00135,smb,GR,4,0,true,61,low
C00136,smb,IT,1,0,true,59,medium
C00137,smb,PT,5,1,true,83,low
C00138,consumer,FR,3,5,true,17,high
C00139,smb,IT,1,2,true,35,medium
C00140,consumer,FR,3,0,true,77,low
C00141,enterprise,PT,3,2,true,53,medium
C00142,smb,ES,5,6,true,23,high
C00143,enterprise,PT,3,2,true,53,medium
C00144,consumer,PT,5,5,false,35,medium
C00145,enterprise,PT,6,1,true,92,low
C00146,enterprise,FR,4,2,true,62,low
C00147,smb,PT,6,6,true,7,high
C00148,mid_market,DE,6,0,true,79,low
C00149,enterprise,ES,2,1,true,56,medium
C00150,consumer,GR,6,6,true,32,medium
C00151,enterprise,ES,2,0,true,68,low
C00152,mid_market,IT,9,4,false,58,medium
C00153,enterprise,PT,4,2,false,37,medium
C00154,enterprise,FR,2,2,true,19,high
C00155,smb,DE,4,2,true,62,low
C00156,consumer,ES,8,2,false,98,low
C00157,enterprise,IT,6,2,true,55,medium
C00158,mid_market,PT,2,0,true,68,low
C00159,consumer,DE,3,0,false,52,medium
C00160,smb,ES,2,0,true,68,low
C00161,mid_market,GR,2,4,true,20,high
C00162,consumer,DE,6,2,true,80,low
C00163,enterprise,IT,4,0,true,86,low
C00164,smb,PT,0,0,false,50,medium
C00165,mid_market,GR,8,3,true,86,low
C00166,smb,GR,1,3,true,23,high
C00167,consumer,FR,3,2,false,53,medium
C00168,consumer,PT,2,0,true,68,low
C00169,smb,ES,6,1,true,92,low
C00170,consumer,GR,2,0,true,68,low
C00171,mid_market,ES,1,3,false,23,high
C00172,consumer,IT,1,0,true,34,medium
C00173,mid_market,FR,5,1,true,83,low
C00174,mid_market,DE,6,5,true,44,medium
C00175,mid_market,PT,6,1,false,92,low
C00176,consumer,DE,7,4,true,65,low
C00177,consumer,IT,6,3,true,68,low
C00178,smb,IT,5,1,true,83,low
C00179,mid_market,PT,4,2,true,62,low
C00180,smb,GR,5,5,true,35,medium
C00181,enterprise,PT,2,2,true,44,medium
C00182,mid_market,FR,7,4,false,65,low
C00183,mid_market,IT,8,4,true,74,low
C00184,smb,FR,6,2,false,80,low
C00185,consumer,DE,6,0,true,100,low
C00186,smb,IT,4,2,true,37,medium
C00187,enterprise,GR,4,2,true,37,medium
C00188,smb,ES,4,3,true,50,medium
C00189,mid_market,FR,2,4,false,20,high
C00190,consumer,DE,4,0,true,86,low
C00191,smb,IT,1,0,true,59,medium
C00192,mid_market,PT,4,1,true,49,medium
C00193,consumer,FR,3,0,true,77,low
C00194,mid_market,ES,6,0,true,79,low
C00195,enterprise,PT,4,0,true,86,low
C00196,smb,FR,8,4,true,74,low
C00197,enterprise,PT,5,0,true,95,low
C00198,mid_market,GR,4,1,true,74,low
C00199,enterprise,IT,4,0,true,86,low
C00200,mid_market,FR,3,2,true,28,high
C00201,enterprise,IT,3,0,true,77,low
C00202,mid_market,DE,2,3,true,32,medium
C00203,mid_market,PT,5,0,true,95,low
C00204,mid_market,FR,3,4,true,29,high
C00205,enterprise,IT,2,0,false,68,low
C00206,enterprise,ES,10,4,true,92,low
C00207,smb,IT,5,5,true,10,high
C00208,smb,IT,7,2,false,89,low
C00209,mid_market,IT,2,2,true,44,medium
C00210,enterprise,FR,8,3,true,86,low
C00211,consumer,FR,6,4,true,56,medium
C00212,enterprise,PT,1,0,true,59,medium
C00213,consumer,FR,2,6,true,0,high
C00214,consumer,DE,2,1,true,56,medium
C00215,consumer,GR,2,4,true,0,high
C00216,mid_market,IT,4,4,false,38,medium
C00217,mid_market,FR,3,0,true,77,low
C00218,smb,GR,1,0,true,59,medium
C00219,smb,DE,3,2,true,28,high
C00220,smb,GR,4,2,true,62,low
C00221,enterprise,GR,6,0,true,100,low
C00222,enterprise,ES,7,2,true,64,low
C00223,consumer,ES,3,0,true,77,low
C00224,consumer,PT,6,2,true,80,low
C00225,enterprise,FR,3,1,false,65,low
C00226,mid_market,GR,6,0,false,79,low
C00227,smb,GR,5,2,true,71,low
C00228,smb,FR,1,0,true,59,medium
C00229,mid_market,PT,6,0,true,100,low
C00230,smb,DE,4,2,true,62,low
C00231,mid_market,ES,6,2,true,55,medium
C00232,consumer,PT,4,2,true,62,low
C00233,mid_market,DE,7,0,true,100,low
C00234,enterprise,DE,2,0,true,43,medium
C00235,mid_market,PT,4,0,true,61,low
C00236,smb,IT,8,2,true,98,low
C00237,mid_market,PT,6,4,false,56,medium
C00238,enterprise,GR,5,0,true,95,low
C00239,consumer,ES,3,0,true,77,low
C00240,consumer,IT,1,0,false,59,medium
C00241,consumer,PT,7,4,true,40,medium
C00242,smb,ES,5,2,true,71,low
C00243,enterprise,FR,4,3,true,50,medium
C00244,mid_market,PT,9,2,true,100,low
C00245,consumer,IT,3,1,true,65,low
C00246,enterprise,GR,5,5,true,35,medium
C00247,consumer,DE,2,2,true,44,medium
C00248,enterprise,PT,6,3,true,68,low
C00249,mid_market,GR,4,2,true,37,medium
C00250,smb,GR,3,2,true,53,medium
C00251,smb,FR,1,2,false,35,medium
C00252,consumer,IT,4,2,true,37,medium
C00253,smb,IT,5,4,true,47,medium
C00254,consumer,ES,4,1,true,74,low
C00255,enterprise,DE,3,4,true,4,high
C00256,consumer,DE,6,3,true,68,low
C00257,enterprise,IT,3,0,true,52,medium
C00258,consumer,DE,5,0,true,95,low
C00259,smb,PT,4,2,false,62,low
C00260,enterprise,ES,6,0,true,100,low
C00261,consumer,DE,3,0,true,77,low
C00262,smb,IT,8,4,true,74,low
C00263,mid_market,DE,2,0,true,68,low
C00264,enterprise,GR,4,0,true,86,low
C00265,enterprise,GR,2,0,false,68,low
C00266,smb,GR,4,2,false,62,low
C00267,consumer,IT,1,3,true,23,high
C00268,smb,IT,3,1,true,40,medium
C00269,smb,DE,5,4,true,47,medium
C00270,smb,GR,2,1,true,31,medium
C00271,consumer,FR,3,2,true,53,medium
C00272,mid_market,PT,4,2,true,62,low
C00273,mid_market,ES,4,5,true,1,high
C00274,consumer,ES,2,2,true,44,medium
C00275,consumer,GR,1,0,true,34,medium
C00276,smb,DE,2,0,true,68,low
C00277,mid_market,DE,3,0,true,77,low
C00278,enterprise,IT,6,0,true,79,low
C00279,enterprise,FR,3,0,true,52,medium
C00280,consumer,GR,3,3,true,41,medium
C00281,enterprise,PT,3,2,true,53,medium
C00282,smb,FR,5,0,false,95,low
C00283,mid_market,PT,5,4,true,47,medium
C00284,mid_market,GR,3,0,true,77,low
C00285,smb,IT,4,3,true,50,medium
C00286,consumer,DE,6,0,true,100,low
C00287,consumer,IT,6,2,true,80,low
C00288,mid_market,ES,4,0,true,86,low
C00289,mid_market,GR,2,1,false,31,medium
C00290,smb,IT,8,3,true,86,low
C00291,enterprise,ES,4,2,true,62,low
C00292,enterprise,GR,5,2,false,71,low
C00293,enterprise,PT,6,0,true,100,low
C00294,enterprise,GR,4,3,false,25,high
C00295,consumer,GR,4,0,true,86,low
C00296,mid_market,FR,2,3,true,32,medium
C00297,mid_market,FR,4,0,true,61,low
C00298,smb,ES,3,0,true,77,low
C00299,smb,FR,3,0,true,77,low
C00300,mid_market,DE,9,4,true,58,medium
C00301,enterprise,FR,6,3,true,68,low
C00302,enterprise,DE,2,4,true,20,high
C00303,consumer,FR,2,0,true,68,low
C00304,mid_market,DE,3,0,true,77,low
C00305,enterprise,PT,4,0,true,86,low
C00306,enterprise,DE,4,3,false,25,high
C00307,enterprise,DE,1,2,true,35,medium
C00308,mid_market,DE,8,0,false,100,low
C00309,consumer,ES,2,0,true,68,low
C00310,smb,FR,3,2,true,53,medium
C00311,enterprise,DE,2,0,true,43,medium
C00312,enterprise,GR,4,0,true,86,low
C00313,enterprise,ES,8,5,true,62,low
C00314,mid_market,IT,0,0,true,50,medium
C00315,smb,PT,4,0,true,86,low
C00316,consumer,PT,9,2,true,100,low
C00317,smb,FR,2,0,true,68,low
C00318,smb,GR,3,0,true,77,low
C00319,smb,FR,3,3,true,41,medium
C00320,smb,GR,5,4,true,47,medium
C00321,smb,DE,4,2,true,62,low
C00322,mid_market,ES,4,4,true,38,medium
C00323,mid_market,ES,3,0,true,77,low
C00324,smb,ES,1,0,false,34,medium
C00325,consumer,DE,2,0,true,68,low
C00326,enterprise,IT,4,0,true,86,low
C00327,enterprise,PT,5,2,true,71,low
C00328,enterprise,FR,5,0,true,95,low
C00329,enterprise,IT,6,0,true,100,low
C00330,enterprise,ES,3,0,false,77,low
C00331,mid_market,PT,3,1,true,65,low
C00332,consumer,ES,6,4,true,56,medium
C00333,enterprise,GR,2,0,true,68,low
C00334,mid_market,DE,1,0,false,59,medium
C00335,mid_market,ES,6,0,true,100,low
C00336,consumer,ES,3,0,true,77,low
C00337,consumer,PT,5,3,true,59,medium
C00338,consumer,GR,1,2,true,35,medium
C00339,enterprise,ES,4,2,true,62,low
C00340,consumer,FR,3,3,true,41,medium
C00341,enterprise,IT,4,0,true,86,low
C00342,consumer,IT,5,0,true,95,low
C00343,enterprise,GR,3,2,false,53,medium
C00344,enterprise,PT,0,0,true,50,medium
C00345,smb,PT,4,0,true,86,low
C00346,mid_market,GR,3,1,false,65,low
C00347,enterprise,DE,8,4,true,74,low
C00348,enterprise,GR,1,7,true,0,high
C00349,mid_market,FR,3,0,true,77,low
C00350,consumer,FR,3,0,false,77,low
C00351,consumer,GR,5,0,true,95,low
C00352,smb,ES,2,2,true,44,medium
C00353,smb,FR,4,0,true,61,low
C00354,mid_market,DE,4,2,true,62,low
C00355,consumer,DE,5,3,false,59,medium
C00356,smb,PT,2,0,false,68,low
C00357,consumer,IT,4,0,true,61,low
C00358,enterprise,ES,4,4,true,38,medium
C00359,smb,PT,2,0,false,68,low
C00360,consumer,PT,2,2,true,44,medium
C00361,consumer,IT,3,0,true,77,low
C00362,enterprise,DE,6,4,true,56,medium
C00363,enterprise,DE,4,0,true,86,low
C00364,enterprise,DE,3,0,true,77,low
C00365,enterprise,IT,4,1,true,74,low
C00366,consumer,GR,5,0,true,95,low
C00367,smb,FR,3,0,true,77,low
C00368,mid_market,ES,4,0,true,86,low
C00369,smb,DE,5,5,true,35,medium
C00370,mid_market,GR,3,0,true,52,medium
C00371,mid_market,PT,4,0,true,86,low
C00372,enterprise,GR,3,0,false,77,low
C00373,consumer,FR,3,0,true,52,medium
C00374,mid_market,DE,8,2,true,73,low
C00375,mid_market,FR,5,6,true,23,high
C00376,consumer,DE,4,1,true,49,medium
C00377,enterprise,FR,3,0,true,77,low
C00378,smb,GR,7,1,true,100,low
C00379,enterprise,FR,2,0,true,68,low
C00380,mid_market,GR,3,0,false,77,low
C00381,smb,ES,1,5,true,0,high
C00382,smb,FR,7,1,true,100,low
C00383,smb,IT,3,3,false,41,medium
C00384,mid_market,IT,5,1,true,83,low
C00385,enterprise,DE,5,2,true,71,low
C00386,smb,DE,4,0,false,86,low
C00387,enterprise,DE,4,2,true,62,low
C00388,smb,FR,5,3,true,34,medium
C00389,enterprise,GR,1,0,true,59,medium
C00390,enterprise,FR,6,0,true,100,low
C00391,smb,IT,4,0,true,86,low
C00392,consumer,FR,6,3,true,68,low
C00393,smb,FR,0,2,true,26,high
C00394,mid_market,ES,5,0,true,70,low
C00395,mid_market,PT,3,2,true,53,medium
C00396,consumer,FR,6,0,true,100,low
C00397,consumer,GR,6,4,true,31,medium
C00398,mid_market,FR,3,2,true,28,high
C00399,mid_market,GR,4,2,false,37,medium
C00400,mid_market,GR,5,2,true,71,low
C00401,mid_market,DE,4,2,true,62,low
C00402,consumer,GR,4,2,true,62,low
C00403,enterprise,PT,2,2,false,44,medium
C00404,consumer,FR,4,1,true,74,low
C00405,enterprise,DE,6,0,false,100,low
C00406,enterprise,PT,3,2,true,53,medium
C00407,mid_market,ES,5,3,false,59,medium
C00408,enterprise,DE,5,7,true,11,high
C00409,mid_market,IT,2,4,true,20,high
C00410,consumer,DE,5,2,true,71,low
C00411,mid_market,FR,4,0,true,86,low
C00412,enterprise,FR,4,0,true,86,low
C00413,mid_market,ES,4,1,false,74,low
C00414,smb,DE,3,3,true,41,medium
C00415,consumer,ES,1,0,true,59,medium
C00416,smb,PT,6,4,true,56,medium
C00417,enterprise,IT,4,1,true,74,low
C00418,enterprise,ES,2,0,true,68,low
C00419,enterprise,ES,3,3,true,41,medium
C00420,enterprise,ES,4,2,true,62,low
C00421,consumer,ES,8,2,true,98,low
C00422,enterprise,GR,4,0,false,86,low
C00423,mid_market,PT,4,0,false,86,low
C00424,mid_market,PT,8,1,true,100,low
C00425,mid_market,GR,3,0,true,77,low
C00426,mid_market,DE,4,0,true,86,low
C00427,mid_market,DE,6,0,true,79,low
C00428,mid_market,GR,5,2,true,71,low
C00429,enterprise,FR,3,2,true,53,medium
C00430,smb,PT,1,1,true,22,high
C00431,smb,FR,5,6,true,0,high
C00432,consumer,PT,4,3,true,50,medium
C00433,consumer,PT,6,2,true,80,low
C00434,enterprise,DE,1,0,true,59,medium
C00435,enterprise,DE,2,1,true,56,medium
C00436,consumer,DE,3,2,true,28,high
C00437,smb,ES,3,3,true,41,medium
C00438,smb,IT,5,2,true,71,low
C00439,mid_market,GR,4,2,true,62,low
C00440,enterprise,DE,3,0,true,77,low
C00441,mid_market,IT,5,1,true,83,low
C00442,consumer,GR,3,0,true,77,low
C00443,mid_market,IT,5,2,true,71,low
C00444,smb,DE,2,3,true,32,medium
C00445,consumer,IT,4,0,true,61,low
C00446,enterprise,DE,2,4,true,0,high
C00447,enterprise,GR,1,2,true,10,high
C00448,consumer,GR,6,4,false,31,medium
C00449,consumer,ES,4,1,true,74,low
C00450,enterprise,ES,6,0,true,100,low
C00451,enterprise,IT,6,2,true,80,low
C00452,mid_market,PT,3,2,true,53,medium
C00453,smb,GR,5,2,true,71,low
C00454,consumer,IT,3,1,true,65,low
C00455,consumer,IT,3,0,true,77,low
C00456,mid_market,GR,2,0,true,68,low
C00457,consumer,FR,5,0,false,95,low
C00458,consumer,PT,3,0,true,52,medium
C00459,smb,ES,2,2,true,19,high
C00460,mid_market,IT,3,2,true,53,medium
C00461,consumer,PT,5,0,true,95,low
C00462,smb,FR,1,4,false,11,high
C00463,consumer,GR,1,0,true,59,medium
C00464,consumer,PT,6,2,true,80,low
C00465,smb,ES,3,0,true,52,medium
C00466,smb,PT,1,0,true,59,medium
C00467,smb,DE,9,2,true,100,low
C00468,enterprise,GR,3,0,true,77,low
C00469,enterprise,FR,8,2,true,73,low
C00470,enterprise,FR,8,2,true,98,low
C00471,mid_market,FR,3,0,true,77,low
C00472,consumer,PT,7,0,true,100,low
C00473,smb,PT,0,0,true,50,medium
C00474,consumer,ES,7,0,true,100,low
C00475,enterprise,ES,2,0,false,43,medium
C00476,smb,DE,8,2,false,73,low
C00477,enterprise,PT,7,6,true,41,medium
C00478,mid_market,ES,7,3,true,77,low
C00479,enterprise,IT,5,1,true,83,low
C00480,smb,PT,5,4,true,47,medium
C00481,mid_market,ES,3,0,true,77,low
C00482,smb,ES,3,1,true,65,low
C00483,consumer,IT,6,0,true,79,low
C00484,enterprise,ES,6,2,true,55,medium
C00485,consumer,IT,8,2,true,98,low
C00486,consumer,FR,3,3,true,41,medium
C00487,consumer,PT,4,0,true,86,low
C00488,mid_market,PT,5,2,true,71,low
C00489,enterprise,ES,3,0,true,77,low
C00490,mid_market,DE,2,4,true,0,high
C00491,mid_market,PT,4,0,true,86,low
C00492,smb,DE,0,3,true,0,high
C00493,consumer,FR,3,2,true,53,medium
C00494,smb,FR,8,2,true,98,low
C00495,smb,PT,6,2,false,80,low
C00496,smb,IT,3,0,false,77,low
C00497,consumer,GR,3,2,true,53,medium
C00498,consumer,ES,1,0,false,59,medium
C00499,enterprise,DE,1,0,true,59,medium
C00500,smb,FR,0,0,true,50,medium
C00501,consumer,GR,3,4,true,29,high
C00502,smb,FR,5,1,true,83,low
C00503,smb,DE,3,2,true,53,medium
C00504,enterprise,DE,4,2,true,37,medium
C00505,consumer,IT,1,2,true,35,medium
C00506,consumer,IT,8,2,false,98,low
C00507,enterprise,FR,8,2,true,98,low
C00508,smb,DE,4,4,true,38,medium
C00509,consumer,DE,4,1,true,74,low
C00510,enterprise,PT,1,0,true,59,medium
C00511,mid_market,FR,3,2,true,53,medium
C00512,consumer,FR,2,0,true,68,low
C00513,consumer,IT,2,4,true,20,high
C00514,mid_market,PT,2,0,true,43,medium
C00515,smb,ES,2,0,true,68,low
C00516,enterprise,PT,4,5,true,26,high
C00517,smb,PT,6,0,true,79,low
C00518,consumer,GR,2,1,true,56,medium
C00519,smb,ES,4,0,true,86,low
C00520,enterprise,ES,1,2,true,35,medium
C00521,mid_market,DE,7,3,true,77,low
C00522,enterprise,IT,4,0,true,86,low
C00523,enterprise,IT,5,2,true,71,low
C00524,mid_market,DE,3,0,true,77,low
C00525,mid_market,FR,7,0,true,100,low
C00526,enterprise,FR,5,2,true,46,medium
C00527,enterprise,GR,9,2,true,100,low
C00528,mid_market,ES,7,2,true,89,low
C00529,consumer,ES,5,2,false,71,low
C00530,consumer,PT,2,2,true,44,medium
C00531,consumer,PT,3,0,true,77,low
C00532,consumer,FR,7,0,true,100,low
C00533,smb,FR,3,4,true,29,high
C00534,consumer,GR,7,3,true,77,low
C00535,smb,GR,6,0,true,100,low
C00536,smb,ES,3,4,false,29,high
C00537,enterprise,FR,6,0,true,100,low
C00538,consumer,FR,2,2,true,44,medium
C00539,smb,FR,4,0,true,61,low
C00540,mid_market,DE,6,2,true,80,low
C00541,mid_market,GR,8,3,true,86,low
C00542,enterprise,DE,7,0,true,100,low
C00543,mid_market,ES,1,2,false,35,medium
C00544,smb,DE,4,3,true,50,medium
C00545,enterprise,DE,4,0,true,86,low
C00546,enterprise,GR,4,4,true,13,high
C00547,mid_market,FR,9,0,true,100,low
C00548,mid_market,GR,10,2,true,100,low
C00549,consumer,DE,4,0,true,86,low
C00550,mid_market,DE,6,1,true,92,low
C00551,smb,FR,3,0,true,77,low
C00552,enterprise,ES,6,0,false,100,low
C00553,consumer,PT,2,0,true,68,low
C00554,consumer,FR,6,2,true,80,low
C00555,smb,ES,4,4,true,38,medium
C00556,consumer,GR,2,2,true,44,medium
C00557,consumer,PT,3,2,false,53,medium
C00558,mid_market,FR,3,2,true,53,medium
C00559,mid_market,FR,9,1,true,94,low
C00560,consumer,FR,13,4,true,100,low
C00561,enterprise,GR,1,2,true,35,medium
C00562,enterprise,PT,3,0,true,77,low
C00563,enterprise,FR,2,0,true,68,low
C00564,smb,DE,7,2,true,89,low
C00565,enterprise,GR,3,0,true,77,low
C00566,enterprise,IT,6,6,true,7,high
C00567,enterprise,GR,2,0,true,68,low
C00568,consumer,PT,3,0,true,77,low
C00569,consumer,ES,3,0,true,77,low
C00570,smb,IT,4,2,true,37,medium
C00571,consumer,IT,1,0,true,59,medium
C00572,smb,ES,8,5,true,62,low
C00573,smb,PT,2,1,true,56,medium
C00574,smb,IT,3,0,true,77,low
C00575,smb,IT,1,3,true,23,high
C00576,mid_market,PT,4,2,true,62,low
C00577,smb,GR,1,0,true,59,medium
C00578,enterprise,IT,6,4,true,56,medium
C00579,smb,PT,4,4,true,38,medium
C00580,smb,ES,4,5,false,26,high
C00581,enterprise,GR,4,2,true,62,low
C00582,consumer,DE,4,0,true,86,low
C00583,smb,IT,5,0,true,95,low
C00584,consumer,PT,2,1,true,56,medium
C00585,consumer,ES,3,3,true,16,high
C00586,mid_market,DE,3,0,true,77,low
C00587,consumer,IT,3,6,true,5,high
C00588,consumer,FR,2,1,true,56,medium
C00589,mid_market,GR,7,1,true,100,low
C00590,mid_market,IT,3,1,true,65,low
C00591,mid_market,PT,3,0,true,77,low
C00592,mid_market,GR,5,4,true,47,medium
C00593,enterprise,ES,2,4,true,20,high
C00594,consumer,ES,3,2,true,53,medium
C00595,mid_market,FR,4,1,true,74,low
C00596,smb,IT,5,2,true,71,low
C00597,mid_market,GR,7,2,true,64,low
C00598,enterprise,IT,3,1,true,65,low
C00599,enterprise,ES,4,2,false,62,low
C00600,enterprise,IT,4,0,true,61,low
C00601,consumer,PT,3,3,true,16,high
C00602,mid_market,GR,7,2,true,89,low
C00603,consumer,IT,9,5,true,71,low
C00604,mid_market,PT,1,0,true,59,medium
C00605,consumer,IT,1,2,true,35,medium
C00606,mid_market,IT,3,0,true,77,low
C00607,consumer,FR,2,0,true,68,low
C00608,consumer,PT,4,0,true,86,low
C00609,consumer,FR,4,2,true,62,low
C00610,mid_market,GR,2,2,true,19,high
C00611,mid_market,GR,10,3,true,100,low
C00612,consumer,IT,3,0,true,77,low
C00613,mid_market,FR,3,1,true,65,low
C00614,mid_market,PT,1,0,true,59,medium
C00615,enterprise,IT,3,4,false,29,high
C00616,mid_market,PT,6,5,true,44,medium
C00617,enterprise,IT,4,0,true,61,low
C00618,consumer,GR,1,2,true,35,medium
C00619,smb,GR,1,0,true,59,medium
C00620,enterprise,FR,2,0,true,43,medium
C00621,mid_market,PT,3,0,false,52,medium
C00622,enterprise,FR,4,2,true,37,medium
C00623,consumer,GR,4,2,true,62,low
C00624,smb,PT,4,0,true,86,low
C00625,smb,FR,5,0,true,95,low
C00626,mid_market,DE,1,0,true,59,medium
C00627,smb,IT,4,1,true,49,medium
C00628,smb,ES,4,0,true,86,low
C00629,consumer,GR,0,4,true,2,high
C00630,mid_market,DE,3,1,true,65,low
C00631,smb,IT,3,0,true,77,low
C00632,enterprise,FR,3,2,true,53,medium
C00633,smb,ES,3,1,true,40,medium
C00634,smb,GR,8,0,true,100,low
C00635,smb,IT,3,0,true,77,low
C00636,mid_market,IT,3,1,true,65,low
C00637,enterprise,ES,4,0,true,61,low
C00638,mid_market,DE,6,3,true,68,low
C00639,consumer,DE,3,0,true,77,low
C00640,smb,ES,4,0,true,86,low
C00641,smb,ES,6,0,false,100,low
C00642,smb,IT,3,0,true,77,low
C00643,enterprise,IT,1,6,true,0,high
C00644,mid_market,FR,3,2,true,28,high
C00645,enterprise,DE,5,4,true,47,medium
C00646,enterprise,IT,1,2,true,35,medium
C00647,mid_market,ES,3,1,true,65,low
C00648,consumer,IT,3,0,true,77,low
C00649,consumer,ES,5,0,true,95,low
C00650,enterprise,FR,3,2,true,53,medium
C00651,mid_market,ES,2,0,true,68,low
C00652,smb,FR,6,1,true,67,low
C00653,enterprise,ES,4,0,true,86,low
C00654,consumer,GR,2,0,true,43,medium
C00655,mid_market,GR,6,0,true,79,low
C00656,consumer,FR,6,2,true,80,low
C00657,enterprise,PT,4,1,true,49,medium
C00658,consumer,DE,6,5,true,44,medium
C00659,smb,GR,7,3,true,77,low
C00660,mid_market,GR,2,0,true,68,low
C00661,enterprise,IT,6,0,true,100,low
C00662,enterprise,IT,2,4,false,20,high
C00663,consumer,FR,5,4,false,22,high
C00664,mid_market,FR,1,0,true,59,medium
C00665,mid_market,IT,3,2,true,53,medium
C00666,enterprise,DE,4,0,true,61,low
C00667,consumer,FR,0,0,true,50,medium
C00668,smb,GR,2,0,true,68,low
C00669,smb,ES,8,4,true,74,low
C00670,consumer,GR,4,6,true,0,high
C00671,enterprise,ES,5,2,true,71,low
C00672,smb,GR,7,0,true,100,low
C00673,mid_market,ES,7,0,true,100,low
C00674,consumer,DE,2,2,true,44,medium
C00675,mid_market,ES,4,0,true,86,low
C00676,smb,PT,2,3,true,32,medium
C00677,mid_market,ES,6,0,true,100,low
C00678,enterprise,FR,3,0,true,77,low
C00679,mid_market,PT,4,0,true,86,low
C00680,mid_market,FR,5,6,true,23,high
C00681,enterprise,PT,3,2,false,53,medium
C00682,mid_market,GR,5,1,true,83,low
C00683,smb,DE,2,0,true,68,low
C00684,consumer,GR,1,4,true,11,high
C00685,enterprise,IT,2,0,true,68,low
C00686,smb,ES,3,0,true,77,low
C00687,enterprise,GR,7,0,true,88,low
C00688,consumer,DE,5,1,true,83,low
C00689,mid_market,DE,4,2,true,62,low
C00690,enterprise,PT,6,2,true,80,low
C00691,consumer,IT,4,0,false,86,low
C00692,smb,FR,0,2,true,1,high
C00693,enterprise,IT,6,2,false,80,low
C00694,enterprise,GR,2,0,true,68,low
C00695,mid_market,IT,4,5,true,26,high
C00696,consumer,DE,1,2,true,10,high
C00697,smb,IT,2,3,true,32,medium
C00698,consumer,ES,5,4,true,47,medium
C00699,consumer,IT,2,0,true,43,medium
C00700,consumer,ES,7,1,true,100,low
C00701,enterprise,ES,5,0,true,95,low
C00702,enterprise,IT,9,2,true,100,low
C00703,enterprise,ES,2,2,true,44,medium
C00704,mid_market,PT,7,2,true,89,low
C00705,mid_market,PT,4,2,true,62,low
C00706,consumer,ES,4,1,true,74,low
C00707,enterprise,FR,6,0,true,100,low
C00708,enterprise,DE,5,1,true,83,low
C00709,enterprise,GR,4,0,true,86,low
C00710,enterprise,DE,5,0,false,95,low
C00711,consumer,GR,7,2,true,89,low
C00712,enterprise,GR,3,0,true,77,low
C00713,consumer,DE,5,6,true,23,high
C00714,mid_market,FR,0,0,false,50,medium
C00715,mid_market,GR,2,0,true,68,low
C00716,mid_market,PT,5,4,true,47,medium
C00717,consumer,IT,7,0,true,100,low
C00718,enterprise,GR,6,0,true,100,low
C00719,mid_market,PT,7,2,true,89,low
C00720,mid_market,IT,7,0,true,100,low
C00721,consumer,FR,2,0,false,68,low
C00722,enterprise,PT,6,2,true,80,low
C00723,smb,PT,7,1,true,100,low
C00724,mid_market,IT,5,0,true,95,low
C00725,enterprise,FR,2,0,true,68,low
C00726,smb,DE,3,2,true,53,medium
C00727,smb,PT,0,0,false,50,medium
C00728,smb,ES,3,2,true,53,medium
C00729,consumer,ES,4,0,true,86,low
C00730,enterprise,ES,6,4,true,56,medium
C00731,consumer,IT,2,0,true,68,low
C00732,smb,IT,4,6,true,14,high
C00733,smb,IT,3,1,false,65,low
C00734,smb,DE,1,0,true,59,medium
C00735,consumer,ES,5,0,true,95,low
C00736,enterprise,ES,2,0,true,68,low
C00737,enterprise,DE,6,2,true,80,low
C00738,mid_market,FR,5,2,true,71,low
C00739,smb,IT,5,0,true,95,low
C00740,enterprise,ES,3,2,false,53,medium
C00741,enterprise,DE,3,4,true,29,high
C00742,smb,PT,6,5,true,19,high
C00743,smb,IT,0,0,true,50,medium
C00744,consumer,IT,5,0,true,95,low
C00745,mid_market,PT,3,2,true,53,medium
C00746,consumer,IT,1,1,true,47,medium
C00747,mid_market,IT,5,2,true,71,low
C00748,smb,DE,4,0,true,86,low
C00749,enterprise,DE,0,0,true,50,medium
C00750,smb,ES,3,0,true,77,low
C00751,enterprise,DE,7,2,true,89,low
C00752,mid_market,FR,2,0,true,68,low
C00753,smb,ES,2,0,true,68,low
C00754,mid_market,GR,4,2,true,62,low
C00755,consumer,GR,4,0,true,86,low
C00756,consumer,IT,6,2,true,80,low
C00757,mid_market,FR,6,2,true,80,low
C00758,consumer,DE,2,2,true,19,high
C00759,enterprise,ES,5,5,true,10,high
C00760,mid_market,IT,4,5,false,26,high
C00761,mid_market,FR,6,0,true,100,low
C00762,enterprise,GR,3,1,true,65,low
C00763,consumer,IT,5,1,true,83,low
C00764,consumer,ES,5,0,true,95,low
C00765,consumer,GR,2,4,true,20,high
C00766,consumer,IT,6,2,true,55,medium
C00767,consumer,PT,2,0,true,68,low
C00768,consumer,FR,2,4,true,20,high
C00769,smb,PT,3,2,true,53,medium
C00770,enterprise,PT,3,2,true,53,medium
C00771,mid_market,DE,3,0,false,77,low
C00772,enterprise,FR,5,0,true,95,low
C00773,mid_market,ES,5,2,true,71,low
C00774,consumer,GR,4,0,false,86,low
C00775,consumer,GR,3,3,true,41,medium
C00776,smb,IT,3,2,false,28,high
C00777,smb,IT,4,1,false,74,low
C00778,smb,FR,6,0,false,100,low
C00779,enterprise,ES,3,0,true,77,low
C00780,smb,IT,5,0,true,70,low
C00781,mid_market,PT,3,0,true,77,low
C00782,consumer,ES,2,0,false,68,low
C00783,consumer,IT,3,4,true,4,high
C00784,mid_market,GR,2,0,true,68,low
C00785,consumer,PT,2,0,true,68,low
C00786,consumer,IT,3,0,true,77,low
C00787,enterprise,GR,2,0,true,43,medium
C00788,enterprise,PT,3,1,true,65,low
C00789,mid_market,IT,3,0,true,52,medium
C00790,consumer,GR,4,0,false,86,low
C00791,consumer,FR,3,0,true,77,low
C00792,consumer,ES,4,0,true,86,low
C00793,smb,DE,3,0,true,77,low
C00794,consumer,FR,6,2,true,55,medium
C00795,smb,FR,3,0,true,52,medium
C00796,enterprise,DE,3,3,true,41,medium
C00797,enterprise,DE,3,2,true,28,high
C00798,enterprise,ES,3,2,false,53,medium
C00799,enterprise,IT,7,1,false,100,low
C00800,consumer,PT,2,0,true,68,low
C00801,smb,DE,3,0,true,52,medium
C00802,consumer,ES,5,3,true,59,medium
C00803,enterprise,GR,1,0,true,59,medium
C00804,enterprise,PT,7,0,true,100,low
C00805,consumer,DE,2,0,true,68,low
C00806,consumer,FR,2,2,false,44,medium
C00807,consumer,DE,4,1,true,74,low
C00808,consumer,PT,4,2,true,37,medium
C00809,enterprise,GR,4,0,true,86,low
C00810,mid_market,DE,1,0,true,59,medium
C00811,enterprise,FR,2,0,true,68,low
C00812,smb,FR,4,4,false,38,medium
C00813,consumer,GR,3,2,true,53,medium
C00814,enterprise,IT,6,2,false,80,low
C00815,enterprise,FR,5,3,true,59,medium
C00816,mid_market,PT,5,0,true,95,low
C00817,enterprise,GR,5,0,true,70,low
C00818,mid_market,DE,2,2,true,44,medium
C00819,consumer,IT,5,4,true,47,medium
C00820,smb,GR,5,0,true,95,low
C00821,enterprise,FR,8,5,true,37,medium
C00822,consumer,GR,2,0,true,68,low
C00823,mid_market,ES,1,0,true,59,medium
C00824,mid_market,PT,5,2,true,71,low
C00825,smb,FR,8,3,true,86,low
C00826,smb,PT,2,2,true,19,high
C00827,smb,DE,6,0,false,100,low
C00828,mid_market,PT,2,0,true,43,medium
C00829,consumer,ES,1,0,true,34,medium
C00830,mid_market,GR,6,0,true,79,low
C00831,enterprise,GR,2,3,true,7,high
C00832,enterprise,PT,2,0,true,68,low
C00833,smb,DE,4,2,true,37,medium
C00834,enterprise,ES,4,3,true,25,high
C00835,mid_market,PT,3,4,true,29,high
C00836,mid_market,GR,5,2,false,71,low
C00837,enterprise,GR,1,0,true,59,medium
C00838,consumer,ES,5,5,true,35,medium
C00839,smb,FR,2,1,true,56,medium
C00840,enterprise,DE,1,3,true,0,high
C00841,consumer,DE,3,0,true,77,low
C00842,mid_market,GR,3,0,true,77,low
C00843,consumer,IT,5,2,true,71,low
C00844,enterprise,FR,3,2,true,53,medium
C00845,mid_market,IT,3,0,true,77,low
C00846,enterprise,GR,1,0,true,34,medium
C00847,enterprise,DE,4,0,true,86,low
C00848,smb,PT,2,1,true,31,medium
C00849,mid_market,PT,4,2,true,37,medium
C00850,consumer,FR,3,0,true,77,low
C00851,consumer,IT,0,0,true,50,medium
C00852,mid_market,IT,5,7,true,0,high
C00853,consumer,GR,2,2,false,19,high
C00854,mid_market,IT,2,2,true,44,medium
C00855,consumer,GR,2,0,true,68,low
C00856,smb,DE,5,0,true,95,low
C00857,enterprise,ES,6,2,true,80,low
C00858,smb,PT,5,0,true,70,low
C00859,smb,PT,4,0,false,86,low
C00860,enterprise,GR,4,0,true,86,low
C00861,smb,PT,3,0,true,77,low
C00862,smb,PT,4,3,true,50,medium
C00863,smb,GR,3,3,true,41,medium
C00864,consumer,ES,6,6,true,7,high
C00865,consumer,DE,1,0,true,59,medium
C00866,enterprise,FR,6,2,true,55,medium
C00867,consumer,PT,5,6,true,23,high
C00868,mid_market,ES,3,4,true,29,high
C00869,mid_market,ES,4,2,true,62,low
C00870,consumer,DE,6,2,true,80,low
C00871,enterprise,PT,2,2,true,44,medium
C00872,smb,DE,7,0,true,100,low
C00873,consumer,IT,3,3,true,41,medium
C00874,consumer,PT,2,2,true,44,medium
C00875,smb,FR,5,2,true,71,low
C00876,consumer,PT,2,2,true,44,medium
C00877,mid_market,PT,1,0,true,59,medium
C00878,consumer,FR,4,4,true,38,medium
C00879,enterprise,GR,2,0,true,68,low
C00880,smb,DE,5,0,false,95,low
C00881,consumer,GR,3,2,true,53,medium
C00882,smb,PT,7,0,true,100,low
C00883,enterprise,ES,4,0,true,86,low
C00884,enterprise,FR,4,0,true,86,low
C00885,enterprise,DE,4,2,true,37,medium
C00886,smb,PT,1,0,true,34,medium
C00887,mid_market,DE,4,0,true,86,low
C00888,mid_market,GR,1,0,true,59,medium
C00889,consumer,PT,4,1,true,49,medium
C00890,smb,ES,4,1,true,74,low
C00891,mid_market,GR,6,7,true,0,high
C00892,mid_market,FR,6,0,true,100,low
C00893,consumer,GR,4,0,true,86,low
C00894,mid_market,GR,3,0,true,77,low
C00895,enterprise,ES,2,2,true,44,medium
C00896,enterprise,GR,4,0,true,86,low
C00897,smb,GR,5,2,true,71,low
C00898,mid_market,FR,3,4,true,29,high
C00899,mid_market,PT,2,0,true,68,low
C00900,smb,GR,1,0,true,59,medium
C00901,smb,DE,4,2,true,62,low
C00902,consumer,IT,4,0,true,86,low
C00903,enterprise,DE,6,0,true,100,low
C00904,mid_market,FR,1,4,true,0,high
C00905,mid_market,DE,4,0,true,86,low
C00906,consumer,FR,2,2,true,44,medium
C00907,enterprise,DE,6,0,true,100,low
C00908,enterprise,ES,3,1,true,65,low
C00909,consumer,PT,5,0,true,95,low
C00910,consumer,GR,4,0,true,86,low
C00911,consumer,DE,6,4,true,56,medium
C00912,smb,PT,4,6,true,14,high
C00913,consumer,ES,6,2,true,55,medium
C00914,smb,FR,0,2,true,26,high
C00915,enterprise,IT,3,0,false,77,low
C00916,consumer,GR,6,4,true,56,medium
C00917,mid_market,ES,4,0,true,86,low
C00918,consumer,PT,4,3,true,50,medium
C00919,enterprise,GR,1,0,true,59,medium
C00920,consumer,PT,1,0,true,59,medium
C00921,consumer,GR,8,0,true,100,low
C00922,consumer,FR,1,5,true,0,high
C00923,consumer,FR,2,0,false,43,medium
C00924,mid_market,GR,5,2,true,46,medium
C00925,mid_market,FR,2,0,true,43,medium
C00926,consumer,DE,3,4,false,29,high
C00927,smb,ES,2,4,true,20,high
C00928,enterprise,GR,4,2,true,62,low
C00929,consumer,DE,6,2,true,80,low
C00930,consumer,DE,2,0,true,68,low
C00931,consumer,IT,4,2,true,62,low
C00932,consumer,ES,4,0,true,86,low
C00933,mid_market,IT,5,4,true,47,medium
C00934,consumer,ES,4,4,false,38,medium
C00935,consumer,GR,2,2,true,19,high
C00936,mid_market,ES,1,2,true,35,medium
C00937,mid_market,FR,3,0,true,77,low
C00938,smb,DE,6,0,true,100,low
C00939,consumer,ES,6,2,true,80,low
C00940,consumer,DE,5,0,true,95,low
C00941,mid_market,FR,2,0,false,68,low
C00942,mid_market,IT,4,2,true,62,low
C00943,enterprise,DE,1,2,true,35,medium
C00944,smb,DE,2,2,true,44,medium
C00945,smb,IT,3,0,true,77,low
C00946,mid_market,ES,4,0,true,86,low
C00947,mid_market,ES,6,0,true,100,low
C00948,smb,DE,4,0,true,86,low
C00949,mid_market,IT,3,0,true,77,low
C00950,consumer,DE,1,0,true,34,medium
C00951,smb,ES,3,2,true,53,medium
C00952,mid_market,DE,8,2,true,73,low
C00953,consumer,PT,6,6,false,32,medium
C00954,consumer,ES,5,2,true,71,low
C00955,enterprise,ES,4,0,true,61,low
C00956,consumer,PT,2,0,true,68,low
C00957,consumer,PT,4,2,true,62,low
C00958,enterprise,ES,2,4,true,0,high
C00959,enterprise,GR,2,0,true,68,low
C00960,smb,FR,5,0,true,95,low
C00961,smb,FR,4,0,false,61,low
C00962,consumer,ES,3,1,true,65,low
C00963,mid_market,FR,2,4,true,20,high
C00964,mid_market,GR,4,0,true,61,low
C00965,mid_market,IT,3,2,true,53,medium
C00966,mid_market,GR,2,2,true,44,medium
C00967,smb,IT,1,2,true,35,medium
C00968,consumer,GR,6,0,true,100,low
C00969,consumer,DE,6,2,true,80,low
C00970,mid_market,GR,6,2,true,80,low
C00971,mid_market,PT,3,7,true,0,high
C00972,mid_market,DE,6,0,false,100,low
C00973,enterprise,PT,3,2,true,28,high
C00974,consumer,DE,3,4,true,29,high
C00975,consumer,DE,6,2,true,55,medium
C00976,mid_market,PT,2,0,true,68,low
C00977,smb,IT,2,0,true,68,low
C00978,smb,IT,6,0,true,100,low
C00979,smb,DE,1,1,true,47,medium
C00980,consumer,FR,4,0,false,61,low
C00981,mid_market,GR,2,2,true,44,medium
C00982,smb,FR,5,2,true,46,medium
C00983,consumer,PT,7,1,false,100,low
C00984,mid_market,IT,5,6,true,23,high
C00985,smb,FR,3,2,true,53,medium
C00986,mid_market,ES,4,0,true,86,low
C00987,enterprise,GR,5,0,false,95,low
C00988,consumer,FR,6,1,true,67,low
C00989,mid_market,PT,6,6,true,32,medium
C00990,consumer,GR,6,1,true,92,low
C00991,consumer,PT,3,2,true,53,medium
C00992,smb,FR,0,2,true,1,high
C00993,enterprise,IT,7,4,true,65,low
C00994,mid_market,IT,2,2,true,44,medium
C00995,consumer,ES,4,2,true,62,low
C00996,smb,ES,5,2,true,71,low
C00997,mid_market,DE,3,3,true,41,medium
C00998,mid_market,ES,2,1,true,56,medium
C00999,mid_market,DE,2,5,true,8,high
C01000,mid_market,GR,4,0,true,86,low
C01001,mid_market,FR,6,0,true,79,low
C01002,enterprise,DE,3,0,false,77,low
C01003,consumer,IT,10,2,true,100,low
C01004,mid_market,FR,2,0,true,68,low
C01005,mid_market,ES,3,2,false,53,medium
C01006,smb,PT,8,5,true,62,low
C01007,enterprise,IT,3,1,true,65,low
C01008,consumer,ES,5,2,true,71,low
C01009,smb,ES,6,2,true,80,low
C01010,smb,FR,3,0,false,52,medium
C01011,mid_market,PT,4,2,true,62,low
C01012,enterprise,ES,3,2,true,53,medium
C01013,smb,FR,4,0,true,86,low
C01014,enterprise,DE,2,0,false,68,low
C01015,consumer,ES,4,0,true,61,low
C01016,enterprise,IT,6,2,true,80,low
C01017,consumer,DE,4,1,false,74,low
C01018,mid_market,PT,6,2,true,80,low
C01019,enterprise,ES,5,0,false,70,low
C01020,consumer,FR,5,1,false,58,medium
C01021,enterprise,IT,5,0,true,95,low
C01022,smb,PT,2,2,true,44,medium
C01023,smb,PT,9,0,false,100,low
C01024,enterprise,DE,6,4,true,56,medium
C01025,smb,FR,1,0,true,59,medium
C01026,smb,PT,6,3,true,68,low
C01027,consumer,FR,2,0,true,43,medium
C01028,consumer,PT,3,0,true,77,low
C01029,mid_market,IT,6,3,true,68,low
C01030,enterprise,GR,6,0,true,100,low
C01031,consumer,PT,5,0,true,95,low
C01032,consumer,FR,2,2,true,44,medium
C01033,consumer,GR,2,0,false,68,low
C01034,mid_market,FR,4,4,true,38,medium
C01035,enterprise,ES,3,0,true,52,medium
C01036,mid_market,DE,4,0,true,61,low
C01037,mid_market,DE,4,3,true,25,high
C01038,smb,PT,3,4,true,29,high
C01039,mid_market,IT,5,0,true,70,low
C01040,smb,GR,8,0,true,97,low
C01041,consumer,DE,4,3,true,50,medium
C01042,mid_market,ES,8,2,true,98,low
C01043,consumer,FR,5,4,true,47,medium
C01044,enterprise,FR,3,3,true,41,medium
C01045,consumer,GR,2,2,true,44,medium
C01046,consumer,DE,3,1,true,65,low
C01047,consumer,FR,3,5,true,17,high
C01048,consumer,PT,0,0,true,50,medium
C01049,consumer,IT,1,4,false,11,high
C01050,enterprise,IT,4,0,true,86,low
C01051,mid_market,PT,5,2,true,71,low
C01052,enterprise,FR,3,0,true,77,low
C01053,enterprise,GR,4,6,false,0,high
C01054,consumer,ES,4,1,true,74,low
C01055,smb,DE,2,2,true,44,medium
C01056,mid_market,GR,5,0,true,95,low
C01057,mid_market,DE,2,0,true,68,low
C01058,enterprise,ES,2,2,true,44,medium
C01059,consumer,GR,2,0,true,68,low
C01060,consumer,IT,3,0,true,77,low
C01061,mid_market,PT,3,2,true,53,medium
C01062,smb,IT,8,4,true,74,low
C01063,smb,DE,3,0,true,77,low
C01064,enterprise,ES,6,0,false,100,low
C01065,consumer,GR,2,3,false,32,medium
C01066,consumer,GR,1,0,true,59,medium
C01067,smb,FR,2,0,true,43,medium
C01068,mid_market,FR,3,0,true,77,low
C01069,mid_market,FR,3,0,true,77,low
C01070,mid_market,PT,4,3,true,25,high
C01071,smb,ES,8,9,true,0,high
C01072,consumer,DE,2,2,true,44,medium
C01073,consumer,ES,5,0,true,70,low
C01074,smb,IT,3,0,false,77,low
C01075,mid_market,ES,2,6,true,0,high
C01076,smb,FR,0,1,true,38,medium
C01077,mid_market,PT,3,2,true,53,medium
C01078,smb,FR,8,6,true,50,medium
C01079,smb,GR,2,2,true,44,medium
C01080,consumer,FR,4,2,false,62,low
C01081,smb,PT,6,0,false,100,low
C01082,smb,PT,2,0,true,68,low
C01083,enterprise,PT,4,2,true,62,low
C01084,enterprise,ES,7,2,true,89,low
C01085,mid_market,IT,3,1,true,40,medium
C01086,mid_market,FR,1,0,false,34,medium
C01087,smb,DE,3,4,true,29,high
C01088,smb,IT,3,2,true,53,medium
C01089,smb,DE,3,0,false,77,low
C01090,smb,ES,6,1,true,92,low
C01091,smb,GR,7,1,true,100,low
C01092,smb,DE,0,2,true,26,high
C01093,mid_market,PT,3,4,true,29,high
C01094,smb,DE,3,2,true,53,medium
C01095,enterprise,PT,3,0,true,77,low
C01096,mid_market,FR,5,2,true,46,medium
C01097,enterprise,PT,2,4,true,0,high
C01098,smb,ES,3,4,true,4,high
C01099,enterprise,IT,4,1,true,74,low
C01100,mid_market,FR,5,2,true,71,low
C01101,smb,DE,2,0,true,68,low
C01102,mid_market,IT,6,1,true,67,low
C01103,mid_market,IT,7,2,true,64,low
C01104,consumer,PT,6,3,true,43,medium
C01105,enterprise,FR,2,0,true,43,medium
C01106,mid_market,PT,1,1,true,22,high
C01107,mid_market,IT,1,1,true,47,medium
C01108,smb,GR,5,4,true,47,medium
C01109,enterprise,ES,3,0,true,77,low
C01110,mid_market,ES,3,0,false,52,medium
C01111,consumer,ES,1,2,true,35,medium
C01112,smb,GR,7,2,true,64,low
C01113,consumer,IT,6,2,true,80,low
C01114,smb,ES,1,2,true,35,medium
C01115,mid_market,ES,1,2,true,35,medium
C01116,consumer,DE,3,2,true,53,medium
C01117,enterprise,GR,8,0,true,100,low
C01118,smb,PT,1,0,true,59,medium
C01119,mid_market,IT,7,0,true,100,low
C01120,mid_market,IT,2,2,true,44,medium
C01121,smb,PT,1,3,true,0,high
C01122,enterprise,IT,5,0,true,70,low
C01123,smb,ES,7,4,true,40,medium
C01124,enterprise,FR,4,0,true,61,low
C01125,enterprise,DE,2,0,true,68,low
C01126,mid_market,DE,3,0,false,77,low
C01127,smb,FR,4,0,true,86,low
C01128,mid_market,FR,2,0,true,43,medium
C01129,mid_market,IT,4,0,true,86,low
C01130,enterprise,FR,4,0,true,61,low
C01131,mid_market,IT,3,0,false,77,low
C01132,mid_market,DE,6,2,true,55,medium
C01133,mid_market,GR,4,0,true,61,low
C01134,consumer,ES,3,0,true,77,low
C01135,consumer,PT,6,0,true,100,low
C01136,smb,ES,5,2,true,71,low
C01137,enterprise,ES,3,6,true,5,high
C01138,consumer,ES,5,4,true,47,medium
C01139,smb,IT,2,0,true,43,medium
C01140,enterprise,DE,0,0,true,25,high
C01141,consumer,GR,3,1,true,65,low
C01142,consumer,FR,3,0,true,52,medium
C01143,smb,FR,4,0,true,61,low
C01144,mid_market,DE,4,0,true,86,low
C01145,mid_market,ES,5,2,true,71,low
C01146,enterprise,IT,4,0,true,86,low
C01147,smb,DE,2,0,false,68,low
C01148,enterprise,FR,3,5,true,17,high
C01149,mid_market,GR,6,0,false,100,low
C01150,mid_market,FR,7,4,true,40,medium
C01151,consumer,FR,2,2,false,44,medium
C01152,mid_market,IT,3,2,true,53,medium
C01153,consumer,DE,5,4,true,47,medium
C01154,enterprise,PT,2,2,true,44,medium
C01155,consumer,GR,5,4,true,47,medium
C01156,enterprise,FR,3,2,true,53,medium
C01157,consumer,GR,3,4,true,29,high
C01158,enterprise,IT,3,0,false,52,medium
C01159,smb,GR,1,1,true,47,medium
C01160,consumer,IT,6,2,true,80,low
C01161,enterprise,ES,2,0,false,68,low
C01162,enterprise,FR,5,0,true,95,low
C01163,mid_market,PT,11,3,true,100,low
C01164,enterprise,DE,2,2,true,44,medium
C01165,consumer,FR,3,4,true,29,high
C01166,enterprise,DE,3,4,true,29,high
C01167,consumer,ES,3,0,false,77,low
C01168,enterprise,ES,1,0,false,59,medium
C01169,enterprise,GR,3,2,true,28,high
C01170,smb,DE,5,1,false,83,low
C01171,enterprise,ES,4,0,true,86,low
C01172,mid_market,FR,3,2,true,53,medium
C01173,enterprise,DE,2,4,true,20,high
C01174,enterprise,GR,3,0,true,52,medium
C01175,mid_market,DE,7,4,true,65,low
C01176,mid_market,IT,4,0,true,86,low
C01177,mid_market,ES,6,2,true,80,low
C01178,smb,PT,1,0,true,59,medium
C01179,mid_market,PT,3,2,true,53,medium
C01180,smb,IT,6,0,true,100,low
C01181,enterprise,PT,6,0,true,100,low
C01182,mid_market,GR,6,2,false,55,medium
C01183,mid_market,FR,5,0,true,95,low
C01184,smb,DE,1,0,true,59,medium
C01185,smb,ES,5,0,true,95,low
C01186,smb,FR,2,7,true,0,high
C01187,consumer,GR,8,0,true,100,low
C01188,smb,FR,5,2,true,71,low
C01189,mid_market,ES,5,0,true,95,low
C01190,enterprise,ES,5,2,false,71,low
C01191,mid_market,FR,5,0,true,95,low
C01192,enterprise,FR,1,0,true,59,medium
C01193,enterprise,GR,7,4,true,40,medium
C01194,smb,ES,4,2,true,62,low
C01195,mid_market,DE,4,2,true,62,low
C01196,mid_market,DE,3,2,true,53,medium
C01197,enterprise,ES,2,2,false,44,medium
C01198,consumer,FR,3,0,true,77,low
C01199,enterprise,GR,3,5,true,17,high
C01200,enterprise,PT,3,8,true,0,high
