customer_id,signup_date,country,segment,email,marketing_consent
C00001,2025-12-14,GR,consumer,user1@example.com,false
C00002,2025-02-19,ES,enterprise,user2@example.com,true
C00003,2025-09-02,ES,consumer,user3@example.com,true
C00004,2025-12-07,GR,consumer,user4@example.com,false
C00005,2025-08-22,PT,mid_market,user5@example.com,true
C00006,2025-04-03,GR,enterprise,user6@example.com,true
C00007,2025-03-11,GR,consumer,user7@example.com,true
C00008,2025-08-13,PT,smb,user8@example.com,true
C00009,2025-07-02,FR,mid_market,user9@example.com,false
C00010,2025-05-06,DE,mid_market,user10@example.com,false
C00011,2025-02-28,DE,smb,user11@example.com,true
C00012,2025-06-26,PT,smb,user12@example.com,false
C00013,2025-10-21,FR,mid_market,user13@example.com,false
C00014,2025-12-15,IT,smb,user14@example.com,false
C00015,2025-09-15,PT,mid_market,user15@example.com,true
C00016,2025-09-27,FR,consumer,user16@example.com,true
C00017,2025-03-24,GR,mid_market,user17@example.com,true
C00018,2025-10-07,DE,enterprise,user18@example.com,true
C00019,2025-09-11,FR,mid_market,user19@example.com,false
C00020,2025-07-03,PT,enterprise,user20@example.com,false
C00021,2025-05-05,FR,smb,user21@example.com,true
C00022,2025-11-24,FR,mid_market,user22@example.com,false
C00023,2025-04-17,DE,consumer,user23@example.com,false
C00024,2025-03-13,GR,consumer,user24@example.com,true
C00025,2025-06-24,DE,enterprise,user25@example.com,true
C00026,2025-09-08,IT,smb,user26@example.com,true
C00027,2025-11-11,FR,consumer,user27@example.com,true
C00028,2025-11-14,FR,mid_market,user28@example.com,false
C00029,2025-03-09,FR,consumer,user29@example.com,false
C00030,2025-10-17,FR,mid_market,user30@example.com,true
C00031,2025-02-28,DE,enterprise,user31@example.com,true
C00032,2025-05-10,GR,smb,user32@example.com,true
C00033,2025-06-24,IT,consumer,user33@example.com,false
C00034,2025-04-24,IT,smb,user34@example.com,true
C00035,2025-11-04,IT,enterprise,user35@example.com,true
C00036,2025-10-09,FR,mid_market,user36@example.com,true
C00037,2025-05-24,ES,smb,user37@example.com,false
C00038,2025-12-18,IT,consumer,user38@example.com,true
C00039,2025-12-23,DE,mid_market,user39@example.com,true
C00040,2025-01-11,GR,smb,user40@example.com,true
C00041,2025-02-06,ES,consumer,user41@example.com,true
C00042,2025-06-14,GR,smb,user42@example.com,true
C00043,2025-12-26,PT,smb,user43@example.com,true
C00044,2025-05-21,GR,enterprise,user44@example.com,true
C00045,2025-10-16,GR,smb,user45@example.com,true
C00046,2025-10-09,DE,enterprise,user46@example.com,false
C00047,2025-11-02,ES,smb,user47@example.com,true
C00048,2025-02-14,FR,consumer,user48@example.com,true
C00049,2025-04-03,IT,enterprise,user49@example.com,true
C00050,2025-06-07,DE,mid_market,user50@example.com,true
C00051,2025-09-11,ES,mid_market,user51@example.com,false
C00052,2025-01-11,ES,consumer,user52@example.com,true
C00053,2025-05-07,GR,consumer,user53@example.com,true
C00054,2025-02-14,ES,enterprise,user54@example.com,false
C00055,2025-06-06,DE,smb,user55@example.com,true
C00056,2025-02-13,IT,consumer,user56@example.com,false
C00057,2025-07-09,GR,enterprise,user57@example.com,true
C00058,2025-05-10,FR,mid_market,user58@example.com,true
C00059,2025-11-24,IT,mid_market,user59@example.com,false
C00060,2025-01-12,GR,smb,user60@example.com,true
C00061,2025-01-26,FR,consumer,user61@example.com,false
C00062,2025-05-10,FR,enterprise,user62@example.com,true
C00063,2025-08-17,IT,consumer,user63@example.com,true
C00064,2025-10-26,FR,smb,user64@example.com,false
C00065,2025-05-25,PT,consumer,user65@example.com,true
C00066,2025-02-14,DE,smb,user66@example.com,false
C00067,2025-03-13,GR,mid_market,user67@example.com,true
C00068,2025-10-03,DE,mid_market,user68@example.com,true
C00069,2025-10-11,FR,smb,user69@example.com,true
C00070,2025-08-19,DE,enterprise,user70@example.com,true
C00071,2025-12-06,DE,smb,user71@example.com,true
C00072,2025-01-23,FR,enterprise,user72@example.com,true
C00073,2025-10-02,FR,enterprise,user73@example.com,false
C00074,2025-11-27,GR,mid_market,user74@example.com,true
C00075,2025-09-26,PT,smb,user75@example.com,true
C00076,2025-03-05,ES,enterprise,user76@example.com,true
C00077,2025-12-19,ES,smb,user77@example.com,true
C00078,2025-07-04,FR,smb,user78@example.com,true
C00079,2025-06-20,IT,mid_market,user79@example.com,false
C00080,2025-02-22,FR,consumer,user80@example.com,false
C00081,2025-02-16,PT,consumer,user81@example.com,false
C00082,2025-04-18,ES,mid_market,user82@example.com,true
C00083,2025-04-21,ES,mid_market,user83@example.com,false
C00084,2025-07-15,PT,enterprise,user84@example.com,true
C00085,2025-10-24,PT,smb,user85@example.com,true
C00086,2025-10-06,DE,mid_market,user86@example.com,false
C00087,2025-02-21,GR,mid_market,user87@example.com,true
C00088,2025-04-14,ES,consumer,user88@example.com,true
C00089,2025-12-13,FR,smb,user89@example.com,true
C00090,2025-05-15,IT,mid_market,user90@example.com,true
C00091,2025-07-04,FR,enterprise,user91@example.com,true
C00092,2025-10-27,GR,consumer,user92@example.com,true
C00093,2025-04-23,FR,smb,user93@example.com,true
C00094,2025-02-14,ES,smb,user94@example.com,true
C00095,2025-12-24,FR,consumer,user95@example.com,false
C00096,2025-02-14,IT,smb,user96@example.com,false
C00097,2025-11-15,GR,consumer,user97@example.com,true
C00098,2025-09-21,FR,consumer,user98@example.com,true
C00099,2025-02-19,ES,mid_market,user99@example.com,true
C00100,2025-06-26,PT,consumer,user100@example.com,false
C00101,2025-10-08,ES,mid_market,user101@example.com,true
C00102,2025-07-02,GR,mid_market,user102@example.com,false
C00103,2025-05-18,DE,mid_market,user103@example.com,false
C00104,2025-06-11,IT,mid_market,user104@example.com,false
C00105,2025-10-22,DE,smb,user105@example.com,true
C00106,2025-02-22,ES,mid_market,user106@example.com,true
C00107,2025-07-21,IT,mid_market,user107@example.com,true
C00108,2025-10-01,PT,consumer,user108@example.com,false
C00109,2025-06-28,FR,mid_market,user109@example.com,false
C00110,2025-03-03,ES,smb,user110@example.com,false
C00111,2025-02-26,PT,mid_market,user111@example.com,true
C00112,2025-11-27,GR,smb,user112@example.com,true
C00113,2025-12-17,IT,enterprise,user113@example.com,false
C00114,2025-09-14,GR,enterprise,user114@example.com,false
C00115,2025-02-02,DE,smb,user115@example.com,true
C00116,2025-11-11,FR,consumer,user116@example.com,true
C00117,2025-06-09,GR,smb,user117@example.com,true
C00118,2025-02-28,GR,mid_market,user118@example.com,true
C00119,2025-06-05,FR,smb,user119@example.com,false
C00120,2025-08-24,PT,consumer,user120@example.com,true
C00121,2025-12-01,ES,mid_market,user121@example.com,false
C00122,2025-08-15,PT,enterprise,user122@example.com,true
C00123,2025-07-06,GR,consumer,user123@example.com,true
C00124,2025-12-16,FR,mid_market,user124@example.com,true
C00125,2025-12-11,IT,smb,user125@example.com,false
C00126,2025-06-10,ES,smb,user126@example.com,true
C00127,2025-08-05,IT,smb,user127@example.com,false
C00128,2025-09-20,ES,mid_market,user128@example.com,true
C00129,2025-07-10,PT,mid_market,user129@example.com,true
C00130,2025-04-03,ES,mid_market,user130@example.com,true
C00131,2025-05-02,FR,enterprise,user131@example.com,false
C00132,2025-01-11,PT,smb,user132@example.com,true
C00133,2025-10-20,PT,enterprise,user133@example.com,true
C00134,2025-02-27,GR,smb,user134@example.com,false
C00135,2025-09-23,GR,smb,user135@example.com,true
C00136,2025-10-04,IT,smb,user136@example.com,false
C00137,2025-11-21,PT,smb,user137@example.com,true
C00138,2025-10-25,FR,consumer,user138@example.com,true
C00139,2025-09-19,IT,smb,user139@example.com,true
C00140,2025-06-03,FR,consumer,user140@example.com,true
C00141,2025-09-02,PT,enterprise,user141@example.com,true
C00142,2025-01-24,ES,smb,user142@example.com,true
C00143,2025-03-02,PT,enterprise,user143@example.com,true
C00144,2025-06-24,PT,consumer,user144@example.com,true
C00145,2025-08-11,PT,enterprise,user145@example.com,true
C00146,2025-01-18,FR,enterprise,user146@example.com,true
C00147,2025-02-25,PT,smb,user147@example.com,true
C00148,2025-05-22,DE,mid_market,user148@example.com,true
C00149,2025-05-13,ES,enterprise,user149@example.com,true
C00150,2025-11-14,GR,consumer,user150@example.com,false
C00151,2025-04-12,ES,enterprise,user151@example.com,true
C00152,2025-09-08,IT,mid_market,user152@example.com,true
C00153,2025-07-03,PT,enterprise,user153@example.com,true
C00154,2025-08-15,FR,enterprise,user154@example.com,true
C00155,2025-12-08,DE,smb,user155@example.com,true
C00156,2025-02-23,ES,consumer,user156@example.com,true
C00157,2025-03-06,IT,enterprise,user157@example.com,true
C00158,2025-12-16,PT,mid_market,user158@example.com,true
C00159,2025-07-23,DE,consumer,user159@example.com,true
C00160,2025-05-27,ES,smb,user160@example.com,true
C00161,2025-10-07,GR,mid_market,user161@example.com,true
C00162,2025-02-14,DE,consumer,user162@example.com,true
C00163,2025-12-04,IT,enterprise,user163@example.com,true
C00164,2025-11-28,PT,smb,user164@example.com,true
C00165,2025-09-15,GR,mid_market,user165@example.com,true
C00166,2025-04-12,GR,smb,user166@example.com,true
C00167,2025-12-18,FR,consumer,user167@example.com,true
C00168,2025-05-06,PT,consumer,user168@example.com,true
C00169,2025-11-04,ES,smb,user169@example.com,false
C00170,2025-04-20,GR,consumer,user170@example.com,false
C00171,2025-04-01,ES,mid_market,user171@example.com,true
C00172,2025-06-08,IT,consumer,user172@example.com,false
C00173,2025-01-25,FR,mid_market,user173@example.com,false
C00174,2025-08-19,DE,mid_market,user174@example.com,true
C00175,2025-05-26,PT,mid_market,user175@example.com,true
C00176,2025-07-16,DE,consumer,user176@example.com,true
C00177,2025-04-01,IT,consumer,user177@example.com,false
C00178,2025-03-12,IT,smb,user178@example.com,true
C00179,2025-01-08,PT,mid_market,user179@example.com,true
C00180,2025-06-18,GR,smb,user180@example.com,false
C00181,2025-01-01,PT,enterprise,user181@example.com,true
C00182,2025-01-22,FR,mid_market,user182@example.com,true
C00183,2025-08-07,IT,mid_market,user183@example.com,true
C00184,2025-04-07,FR,smb,user184@example.com,true
C00185,2025-04-01,DE,consumer,user185@example.com,true
C00186,2025-10-23,IT,smb,user186@example.com,true
C00187,2025-04-25,GR,enterprise,user187@example.com,false
C00188,2025-02-24,ES,smb,user188@example.com,false
C00189,2025-05-28,FR,mid_market,user189@example.com,true
C00190,2025-01-18,DE,consumer,user190@example.com,true
C00191,2025-08-27,IT,smb,user191@example.com,false
C00192,2025-05-13,PT,mid_market,user192@example.com,true
C00193,2025-11-20,FR,consumer,user193@example.com,false
C00194,2025-04-01,ES,mid_market,user194@example.com,true
C00195,2025-10-11,PT,enterprise,user195@example.com,true
C00196,2025-10-14,FR,smb,user196@example.com,true
C00197,2025-07-10,PT,enterprise,user197@example.com,false
C00198,2025-06-14,GR,mid_market,user198@example.com,false
C00199,2025-01-02,IT,enterprise,user199@example.com,true
C00200,2025-04-10,FR,mid_market,user200@example.com,true
C00201,2025-06-03,IT,enterprise,user201@example.com,false
C00202,2025-07-17,DE,mid_market,user202@example.com,false
C00203,2025-03-03,PT,mid_market,user203@example.com,true
C00204,2025-12-22,FR,mid_market,user204@example.com,true
C00205,2025-07-04,IT,enterprise,user205@example.com,true
C00206,2025-03-04,ES,enterprise,user206@example.com,false
C00207,2025-10-08,IT,smb,user207@example.com,false
C00208,2025-02-09,IT,smb,user208@example.com,true
C00209,2025-03-23,IT,mid_market,user209@example.com,true
C00210,2025-06-06,FR,enterprise,user210@example.com,false
C00211,2025-12-14,FR,consumer,user211@example.com,false
C00212,2025-09-05,PT,enterprise,user212@example.com,false
C00213,2025-08-13,FR,consumer,user213@example.com,true
C00214,2025-11-20,DE,consumer,user214@example.com,true
C00215,2025-03-07,GR,consumer,user215@example.com,true
C00216,2025-10-22,IT,mid_market,user216@example.com,true
C00217,2025-02-19,FR,mid_market,user217@example.com,true
C00218,2025-01-24,GR,smb,user218@example.com,false
C00219,2025-07-15,DE,smb,user219@example.com,true
C00220,2025-12-19,GR,smb,user220@example.com,true
C00221,2025-08-06,GR,enterprise,user221@example.com,true
C00222,2025-10-07,ES,enterprise,user222@example.com,true
C00223,2025-10-07,ES,consumer,user223@example.com,true
C00224,2025-08-28,PT,consumer,user224@example.com,true
C00225,2025-03-20,FR,enterprise,user225@example.com,false
C00226,2025-05-26,GR,mid_market,user226@example.com,true
C00227,2025-01-15,GR,smb,user227@example.com,true
C00228,2025-08-23,FR,smb,user228@example.com,false
C00229,2025-12-22,PT,mid_market,user229@example.com,true
C00230,2025-06-08,DE,smb,user230@example.com,true
C00231,2025-06-15,ES,mid_market,user231@example.com,false
C00232,2025-08-02,PT,consumer,user232@example.com,true
C00233,2025-07-05,DE,mid_market,user233@example.com,true
C00234,2025-09-16,DE,enterprise,user234@example.com,true
C00235,2025-12-08,PT,mid_market,user235@example.com,false
C00236,2025-03-06,IT,smb,user236@example.com,true
C00237,2025-02-17,PT,mid_market,user237@example.com,false
C00238,2025-12-16,GR,enterprise,user238@example.com,false
C00239,2025-06-12,ES,consumer,user239@example.com,false
C00240,2025-01-18,IT,consumer,user240@example.com,false
C00241,2025-04-10,PT,consumer,user241@example.com,false
C00242,2025-03-04,ES,smb,user242@example.com,true
C00243,2025-07-13,FR,enterprise,user243@example.com,true
C00244,2025-02-11,PT,mid_market,user244@example.com,false
C00245,2025-11-05,IT,consumer,user245@example.com,true
C00246,2025-07-04,GR,enterprise,user246@example.com,true
C00247,2025-02-03,DE,consumer,user247@example.com,true
C00248,2025-11-22,PT,enterprise,user248@example.com,false
C00249,2025-09-24,GR,mid_market,user249@example.com,true
C00250,2025-02-27,GR,smb,user250@example.com,true
C00251,2025-06-17,FR,smb,user251@example.com,true
C00252,2025-03-10,IT,consumer,user252@example.com,true
C00253,2025-03-11,IT,smb,user253@example.com,false
C00254,2025-05-27,ES,consumer,user254@example.com,true
C00255,2025-03-26,DE,enterprise,user255@example.com,false
C00256,2025-09-10,DE,consumer,user256@example.com,true
C00257,2025-04-25,IT,enterprise,user257@example.com,false
C00258,2025-09-23,DE,consumer,user258@example.com,false
C00259,2025-07-07,PT,smb,user259@example.com,true
C00260,2025-05-27,ES,enterprise,user260@example.com,false
C00261,2025-10-26,DE,consumer,user261@example.com,true
C00262,2025-07-06,IT,smb,user262@example.com,true
C00263,2025-07-13,DE,mid_market,user263@example.com,false
C00264,2025-04-13,GR,enterprise,user264@example.com,true
C00265,2025-01-01,GR,enterprise,user265@example.com,true
C00266,2025-10-06,GR,smb,user266@example.com,true
C00267,2025-05-08,IT,consumer,user267@example.com,false
C00268,2025-11-05,IT,smb,user268@example.com,true
C00269,2025-06-19,DE,smb,user269@example.com,true
C00270,2025-07-20,GR,smb,user270@example.com,true
C00271,2025-04-07,FR,consumer,user271@example.com,true
C00272,2025-01-16,PT,mid_market,user272@example.com,true
C00273,2025-03-01,ES,mid_market,user273@example.com,true
C00274,2025-08-19,ES,consumer,user274@example.com,true
C00275,2025-06-02,GR,consumer,user275@example.com,true
C00276,2025-01-28,DE,smb,user276@example.com,true
C00277,2025-06-27,DE,mid_market,user277@example.com,true
C00278,2025-05-09,IT,enterprise,user278@example.com,true
C00279,2025-03-23,FR,enterprise,user279@example.com,false
C00280,2025-03-13,GR,consumer,user280@example.com,true
C00281,2025-06-15,PT,enterprise,user281@example.com,true
C00282,2025-12-03,FR,smb,user282@example.com,false
C00283,2025-07-09,PT,mid_market,user283@example.com,true
C00284,2025-12-14,GR,mid_market,user284@example.com,true
C00285,2025-01-12,IT,smb,user285@example.com,true
C00286,2025-06-24,DE,consumer,user286@example.com,false
C00287,2025-08-26,IT,consumer,user287@example.com,true
C00288,2025-07-04,ES,mid_market,user288@example.com,true
C00289,2025-06-02,GR,mid_market,user289@example.com,true
C00290,2025-05-18,IT,smb,user290@example.com,false
C00291,2025-12-17,ES,enterprise,user291@example.com,true
C00292,2025-01-13,GR,enterprise,user292@example.com,true
C00293,2025-01-25,PT,enterprise,user293@example.com,true
C00294,2025-05-21,GR,enterprise,user294@example.com,true
C00295,2025-08-02,GR,consumer,user295@example.com,true
C00296,2025-08-17,FR,mid_market,user296@example.com,true
C00297,2025-04-06,FR,mid_market,user297@example.com,true
C00298,2025-11-25,ES,smb,user298@example.com,true
C00299,2025-05-19,FR,smb,user299@example.com,true
C00300,2025-04-19,DE,mid_market,user300@example.com,true
C00301,2025-11-21,FR,enterprise,user301@example.com,true
C00302,2025-12-03,DE,enterprise,user302@example.com,true
C00303,2025-02-28,FR,consumer,user303@example.com,true
C00304,2025-02-07,DE,mid_market,user304@example.com,true
C00305,2025-11-17,PT,enterprise,user305@example.com,false
C00306,2025-10-22,DE,enterprise,user306@example.com,true
C00307,2025-07-26,DE,enterprise,user307@example.com,true
C00308,2025-08-05,DE,mid_market,user308@example.com,true
C00309,2025-10-16,ES,consumer,user309@example.com,false
C00310,2025-09-09,FR,smb,user310@example.com,false
C00311,2025-08-04,DE,enterprise,user311@example.com,true
C00312,2025-07-05,GR,enterprise,user312@example.com,true
C00313,2025-09-28,ES,enterprise,user313@example.com,true
C00314,2025-05-18,IT,mid_market,user314@example.com,true
C00315,2025-07-13,PT,smb,user315@example.com,true
C00316,2025-07-16,PT,consumer,user316@example.com,true
C00317,2025-12-03,FR,smb,user317@example.com,true
C00318,2025-11-13,GR,smb,user318@example.com,true
C00319,2025-11-13,FR,smb,user319@example.com,true
C00320,2025-07-14,GR,smb,user320@example.com,false
C00321,2025-03-17,DE,smb,user321@example.com,false
C00322,2025-10-12,ES,mid_market,user322@example.com,false
C00323,2025-10-25,ES,mid_market,user323@example.com,true
C00324,2025-09-07,ES,smb,user324@example.com,true
C00325,2025-06-08,DE,consumer,user325@example.com,true
C00326,2025-06-15,IT,enterprise,user326@example.com,false
C00327,2025-12-16,PT,enterprise,user327@example.com,false
C00328,2025-09-04,FR,enterprise,user328@example.com,true
C00329,2025-05-21,IT,enterprise,user329@example.com,true
C00330,2025-04-19,ES,enterprise,user330@example.com,true
C00331,2025-05-04,PT,mid_market,user331@example.com,true
C00332,2025-01-22,ES,consumer,user332@example.com,true
C00333,2025-11-26,GR,enterprise,user333@example.com,true
C00334,2025-01-08,DE,mid_market,user334@example.com,false
C00335,2025-04-05,ES,mid_market,user335@example.com,true
C00336,2025-01-23,ES,consumer,user336@example.com,true
C00337,2025-09-23,PT,consumer,user337@example.com,true
C00338,2025-03-05,GR,consumer,user338@example.com,false
C00339,2025-01-06,ES,enterprise,user339@example.com,true
C00340,2025-04-24,FR,consumer,user340@example.com,false
C00341,2025-12-04,IT,enterprise,user341@example.com,true
C00342,2025-02-20,IT,consumer,user342@example.com,true
C00343,2025-02-16,GR,enterprise,user343@example.com,true
C00344,2025-03-23,PT,enterprise,user344@example.com,false
C00345,2025-07-03,PT,smb,user345@example.com,true
C00346,2025-08-08,GR,mid_market,user346@example.com,true
C00347,2025-03-17,DE,enterprise,user347@example.com,true
C00348,2025-07-17,GR,enterprise,user348@example.com,true
C00349,2025-02-01,FR,mid_market,user349@example.com,false
C00350,2025-05-12,FR,consumer,user350@example.com,false
C00351,2025-05-12,GR,consumer,user351@example.com,true
C00352,2025-09-24,ES,smb,user352@example.com,true
C00353,2025-11-17,FR,smb,user353@example.com,true
C00354,2025-05-23,DE,mid_market,user354@example.com,true
C00355,2025-08-02,DE,consumer,user355@example.com,true
C00356,2025-02-10,PT,smb,user356@example.com,false
C00357,2025-11-01,IT,consumer,user357@example.com,false
C00358,2025-03-05,ES,enterprise,user358@example.com,true
C00359,2025-05-10,PT,smb,user359@example.com,true
C00360,2025-02-20,PT,consumer,user360@example.com,true
C00361,2025-04-24,IT,consumer,user361@example.com,true
C00362,2025-08-05,DE,enterprise,user362@example.com,false
C00363,2025-11-18,DE,enterprise,user363@example.com,true
C00364,2025-07-17,DE,enterprise,user364@example.com,true
C00365,2025-06-22,IT,enterprise,user365@example.com,true
C00366,2025-03-27,GR,consumer,user366@example.com,false
C00367,2025-03-05,FR,smb,user367@example.com,false
C00368,2025-11-01,ES,mid_market,user368@example.com,true
C00369,2025-07-15,DE,smb,user369@example.com,false
C00370,2025-01-25,GR,mid_market,user370@example.com,true
C00371,2025-05-19,PT,mid_market,user371@example.com,false
C00372,2025-11-05,GR,enterprise,user372@example.com,true
C00373,2025-01-01,FR,consumer,user373@example.com,true
C00374,2025-12-25,DE,mid_market,user374@example.com,true
C00375,2025-06-23,FR,mid_market,user375@example.com,true
C00376,2025-08-12,DE,consumer,user376@example.com,true
C00377,2025-05-11,FR,enterprise,user377@example.com,true
C00378,2025-06-23,GR,smb,user378@example.com,true
C00379,2025-11-17,FR,enterprise,user379@example.com,true
C00380,2025-10-10,GR,mid_market,user380@example.com,true
C00381,2025-08-25,ES,smb,user381@example.com,false
C00382,2025-02-07,FR,smb,user382@example.com,false
C00383,2025-10-11,IT,smb,user383@example.com,false
C00384,2025-06-27,IT,mid_market,user384@example.com,true
C00385,2025-03-02,DE,enterprise,user385@example.com,true
C00386,2025-09-09,DE,smb,user386@example.com,true
C00387,2025-04-13,DE,enterprise,user387@example.com,true
C00388,2025-06-15,FR,smb,user388@example.com,true
C00389,2025-05-03,GR,enterprise,user389@example.com,true
C00390,2025-01-24,FR,enterprise,user390@example.com,false
C00391,2025-04-25,IT,smb,user391@example.com,true
C00392,2025-11-04,FR,consumer,user392@example.com,true
C00393,2025-11-02,FR,smb,user393@example.com,false
C00394,2025-03-03,ES,mid_market,user394@example.com,true
C00395,2025-03-17,PT,mid_market,user395@example.com,false
C00396,2025-02-13,FR,consumer,user396@example.com,true
C00397,2025-12-12,GR,consumer,user397@example.com,false
C00398,2025-10-07,FR,mid_market,user398@example.com,false
C00399,2025-10-13,GR,mid_market,user399@example.com,false
C00400,2025-02-14,GR,mid_market,user400@example.com,true
C00401,2025-11-10,DE,mid_market,user401@example.com,true
C00402,2025-11-22,GR,consumer,user402@example.com,true
C00403,2025-03-10,PT,enterprise,user403@example.com,true
C00404,2025-10-21,FR,consumer,user404@example.com,true
C00405,2025-02-22,DE,enterprise,user405@example.com,true
C00406,2025-05-05,PT,enterprise,user406@example.com,true
C00407,2025-09-09,ES,mid_market,user407@example.com,true
C00408,2025-07-11,DE,enterprise,user408@example.com,true
C00409,2025-02-07,IT,mid_market,user409@example.com,false
C00410,2025-01-22,DE,consumer,user410@example.com,true
C00411,2025-09-05,FR,mid_market,user411@example.com,true
C00412,2025-08-11,FR,enterprise,user412@example.com,true
C00413,2025-11-26,ES,mid_market,user413@example.com,true
C00414,2025-04-01,DE,smb,user414@example.com,true
C00415,2025-04-28,ES,consumer,user415@example.com,true
C00416,2025-04-19,PT,smb,user416@example.com,false
C00417,2025-01-25,IT,enterprise,user417@example.com,true
C00418,2025-09-25,ES,enterprise,user418@example.com,true
C00419,2025-08-18,ES,enterprise,user419@example.com,false
C00420,2025-02-08,ES,enterprise,user420@example.com,true
C00421,2025-01-18,ES,consumer,user421@example.com,true
C00422,2025-12-03,GR,enterprise,user422@example.com,true
C00423,2025-07-04,PT,mid_market,user423@example.com,true
C00424,2025-10-27,PT,mid_market,user424@example.com,true
C00425,2025-01-20,GR,mid_market,user425@example.com,false
C00426,2025-07-25,DE,mid_market,user426@example.com,true
C00427,2025-04-17,DE,mid_market,user427@example.com,true
C00428,2025-01-22,GR,mid_market,user428@example.com,true
C00429,2025-10-26,FR,enterprise,user429@example.com,false
C00430,2025-08-14,PT,smb,user430@example.com,true
C00431,2025-04-24,FR,smb,user431@example.com,true
C00432,2025-10-24,PT,consumer,user432@example.com,false
C00433,2025-10-03,PT,consumer,user433@example.com,false
C00434,2025-07-12,DE,enterprise,user434@example.com,false
C00435,2025-11-08,DE,enterprise,user435@example.com,true
C00436,2025-09-01,DE,consumer,user436@example.com,true
C00437,2025-04-05,ES,smb,user437@example.com,true
C00438,2025-11-10,IT,smb,user438@example.com,false
C00439,2025-08-17,GR,mid_market,user439@example.com,true
C00440,2025-04-08,DE,enterprise,user440@example.com,true
C00441,2025-02-19,IT,mid_market,user441@example.com,true
C00442,2025-01-09,GR,consumer,user442@example.com,true
C00443,2025-10-05,IT,mid_market,user443@example.com,true
C00444,2025-12-28,DE,smb,user444@example.com,true
C00445,2025-02-19,IT,consumer,user445@example.com,true
C00446,2025-05-09,DE,enterprise,user446@example.com,true
C00447,2025-09-06,GR,enterprise,user447@example.com,true
C00448,2025-08-12,GR,consumer,user448@example.com,true
C00449,2025-09-15,ES,consumer,user449@example.com,true
C00450,2025-06-14,ES,enterprise,user450@example.com,true
C00451,2025-11-08,IT,enterprise,user451@example.com,false
C00452,2025-04-17,PT,mid_market,user452@example.com,false
C00453,2025-07-13,GR,smb,user453@example.com,true
C00454,2025-12-02,IT,consumer,user454@example.com,false
C00455,2025-08-27,IT,consumer,user455@example.com,true
C00456,2025-05-11,GR,mid_market,user456@example.com,true
C00457,2025-02-26,FR,consumer,user457@example.com,true
C00458,2025-07-22,PT,consumer,user458@example.com,true
C00459,2025-05-07,ES,smb,user459@example.com,false
C00460,2025-10-09,IT,mid_market,user460@example.com,true
C00461,2025-04-21,PT,consumer,user461@example.com,false
C00462,2025-08-14,FR,smb,user462@example.com,true
C00463,2025-09-23,GR,consumer,user463@example.com,true
C00464,2025-11-21,PT,consumer,user464@example.com,true
C00465,2025-10-25,ES,smb,user465@example.com,true
C00466,2025-06-02,PT,smb,user466@example.com,false
C00467,2025-10-08,DE,smb,user467@example.com,true
C00468,2025-05-05,GR,enterprise,user468@example.com,false
C00469,2025-03-14,FR,enterprise,user469@example.com,true
C00470,2025-07-05,FR,enterprise,user470@example.com,true
C00471,2025-06-09,FR,mid_market,user471@example.com,true
C00472,2025-11-05,PT,consumer,user472@example.com,true
C00473,2025-07-03,PT,smb,user473@example.com,true
C00474,2025-01-08,ES,consumer,user474@example.com,false
C00475,2025-04-20,ES,enterprise,user475@example.com,true
C00476,2025-03-20,DE,smb,user476@example.com,true
C00477,2025-08-01,PT,enterprise,user477@example.com,true
C00478,2025-09-04,ES,mid_market,user478@example.com,true
C00479,2025-03-16,IT,enterprise,user479@example.com,true
C00480,2025-09-25,PT,smb,user480@example.com,true
C00481,2025-02-01,ES,mid_market,user481@example.com,false
C00482,2025-09-01,ES,smb,user482@example.com,false
C00483,2025-07-13,IT,consumer,user483@example.com,true
C00484,2025-09-07,ES,enterprise,user484@example.com,false
C00485,2025-04-04,IT,consumer,user485@example.com,false
C00486,2025-01-01,FR,consumer,user486@example.com,true
C00487,2025-03-12,PT,consumer,user487@example.com,true
C00488,2025-12-12,PT,mid_market,user488@example.com,false
C00489,2025-06-14,ES,enterprise,user489@example.com,true
C00490,2025-04-16,DE,mid_market,user490@example.com,false
C00491,2025-09-06,PT,mid_market,user491@example.com,true
C00492,2025-03-19,DE,smb,user492@example.com,false
C00493,2025-01-13,FR,consumer,user493@example.com,true
C00494,2025-12-10,FR,smb,user494@example.com,true
C00495,2025-12-24,PT,smb,user495@example.com,true
C00496,2025-06-21,IT,smb,user496@example.com,true
C00497,2025-10-17,GR,consumer,user497@example.com,false
C00498,2025-04-05,ES,consumer,user498@example.com,false
C00499,2025-10-19,DE,enterprise,user499@example.com,true
C00500,2025-01-04,FR,smb,user500@example.com,false
C00501,2025-07-12,GR,consumer,user501@example.com,false
C00502,2025-08-17,FR,smb,user502@example.com,false
C00503,2025-07-03,DE,smb,user503@example.com,true
C00504,2025-01-02,DE,enterprise,user504@example.com,true
C00505,2025-04-28,IT,consumer,user505@example.com,true
C00506,2025-08-26,IT,consumer,user506@example.com,true
C00507,2025-01-15,FR,enterprise,user507@example.com,false
C00508,2025-07-08,DE,smb,user508@example.com,true
C00509,2025-08-20,DE,consumer,user509@example.com,true
C00510,2025-06-11,PT,enterprise,user510@example.com,true
C00511,2025-10-12,FR,mid_market,user511@example.com,true
C00512,2025-01-22,FR,consumer,user512@example.com,true
C00513,2025-08-02,IT,consumer,user513@example.com,false
C00514,2025-07-19,PT,mid_market,user514@example.com,true
C00515,2025-07-04,ES,smb,user515@example.com,true
C00516,2025-03-18,PT,enterprise,user516@example.com,true
C00517,2025-06-21,PT,smb,user517@example.com,true
C00518,2025-09-13,GR,consumer,user518@example.com,true
C00519,2025-06-19,ES,smb,user519@example.com,true
C00520,2025-10-14,ES,enterprise,user520@example.com,false
C00521,2025-07-26,DE,mid_market,user521@example.com,false
C00522,2025-04-24,IT,enterprise,user522@example.com,true
C00523,2025-05-19,IT,enterprise,user523@example.com,true
C00524,2025-06-03,DE,mid_market,user524@example.com,false
C00525,2025-12-16,FR,mid_market,user525@example.com,true
C00526,2025-07-16,FR,enterprise,user526@example.com,true
C00527,2025-08-23,GR,enterprise,user527@example.com,true
C00528,2025-04-09,ES,mid_market,user528@example.com,true
C00529,2025-07-07,ES,consumer,user529@example.com,true
C00530,2025-01-24,PT,consumer,user530@example.com,true
C00531,2025-06-04,PT,consumer,user531@example.com,true
C00532,2025-09-12,FR,consumer,user532@example.com,true
C00533,2025-08-19,FR,smb,user533@example.com,false
C00534,2025-03-24,GR,consumer,user534@example.com,false
C00535,2025-12-13,GR,smb,user535@example.com,true
C00536,2025-02-11,ES,smb,user536@example.com,true
C00537,2025-12-21,FR,enterprise,user537@example.com,false
C00538,2025-07-24,FR,consumer,user538@example.com,true
C00539,2025-01-14,FR,smb,user539@example.com,false
C00540,2025-05-18,DE,mid_market,user540@example.com,true
C00541,2025-12-26,GR,mid_market,user541@example.com,true
C00542,2025-06-16,DE,enterprise,user542@example.com,true
C00543,2025-05-05,ES,mid_market,user543@example.com,true
C00544,2025-04-21,DE,smb,user544@example.com,true
C00545,2025-06-23,DE,enterprise,user545@example.com,false
C00546,2025-05-06,GR,enterprise,user546@example.com,true
C00547,2025-07-11,FR,mid_market,user547@example.com,true
C00548,2025-12-23,GR,mid_market,user548@example.com,false
C00549,2025-06-05,DE,consumer,user549@example.com,false
C00550,2025-07-26,DE,mid_market,user550@example.com,true
C00551,2025-10-19,FR,smb,user551@example.com,false
C00552,2025-12-07,ES,enterprise,user552@example.com,false
C00553,2025-04-26,PT,consumer,user553@example.com,true
C00554,2025-01-15,FR,consumer,user554@example.com,true
C00555,2025-09-16,ES,smb,user555@example.com,false
C00556,2025-01-04,GR,consumer,user556@example.com,false
C00557,2025-09-01,PT,consumer,user557@example.com,true
C00558,2025-08-01,FR,mid_market,user558@example.com,true
C00559,2025-09-22,FR,mid_market,user559@example.com,false
C00560,2025-07-17,FR,consumer,user560@example.com,false
C00561,2025-04-14,GR,enterprise,user561@example.com,false
C00562,2025-02-16,PT,enterprise,user562@example.com,false
C00563,2025-11-23,FR,enterprise,user563@example.com,false
C00564,2025-07-07,DE,smb,user564@example.com,true
C00565,2025-12-08,GR,enterprise,user565@example.com,false
C00566,2025-12-08,IT,enterprise,user566@example.com,true
C00567,2025-12-06,GR,enterprise,user567@example.com,true
C00568,2025-04-22,PT,consumer,user568@example.com,true
C00569,2025-03-13,ES,consumer,user569@example.com,true
C00570,2025-09-08,IT,smb,user570@example.com,false
C00571,2025-07-26,IT,consumer,user571@example.com,true
C00572,2025-10-06,ES,smb,user572@example.com,false
C00573,2025-10-05,PT,smb,user573@example.com,false
C00574,2025-01-21,IT,smb,user574@example.com,true
C00575,2025-10-02,IT,smb,user575@example.com,false
C00576,2025-08-01,PT,mid_market,user576@example.com,false
C00577,2025-12-01,GR,smb,user577@example.com,false
C00578,2025-12-25,IT,enterprise,user578@example.com,true
C00579,2025-06-13,PT,smb,user579@example.com,false
C00580,2025-06-10,ES,smb,user580@example.com,true
C00581,2025-06-06,GR,enterprise,user581@example.com,false
C00582,2025-11-02,DE,consumer,user582@example.com,false
C00583,2025-10-09,IT,smb,user583@example.com,false
C00584,2025-10-26,PT,consumer,user584@example.com,true
C00585,2025-06-06,ES,consumer,user585@example.com,true
C00586,2025-09-03,DE,mid_market,user586@example.com,false
C00587,2025-12-28,IT,consumer,user587@example.com,true
C00588,2025-09-10,FR,consumer,user588@example.com,false
C00589,2025-07-05,GR,mid_market,user589@example.com,false
C00590,2025-09-04,IT,mid_market,user590@example.com,true
C00591,2025-05-03,PT,mid_market,user591@example.com,true
C00592,2025-05-03,GR,mid_market,user592@example.com,true
C00593,2025-12-06,ES,enterprise,user593@example.com,true
C00594,2025-12-10,ES,consumer,user594@example.com,false
C00595,2025-03-27,FR,mid_market,user595@example.com,true
C00596,2025-09-02,IT,smb,user596@example.com,false
C00597,2025-08-20,GR,mid_market,user597@example.com,false
C00598,2025-12-05,IT,enterprise,user598@example.com,true
C00599,2025-05-14,ES,enterprise,user599@example.com,false
C00600,2025-10-02,IT,enterprise,user600@example.com,true
C00601,2025-05-14,PT,consumer,user601@example.com,true
C00602,2025-09-21,GR,mid_market,user602@example.com,true
C00603,2025-01-04,IT,consumer,user603@example.com,true
C00604,2025-09-19,PT,mid_market,user604@example.com,true
C00605,2025-11-22,IT,consumer,user605@example.com,false
C00606,2025-10-21,IT,mid_market,user606@example.com,false
C00607,2025-03-26,FR,consumer,user607@example.com,true
C00608,2025-09-01,PT,consumer,user608@example.com,true
C00609,2025-11-02,FR,consumer,user609@example.com,true
C00610,2025-05-22,GR,mid_market,user610@example.com,false
C00611,2025-04-03,GR,mid_market,user611@example.com,false
C00612,2025-09-23,IT,consumer,user612@example.com,false
C00613,2025-07-28,FR,mid_market,user613@example.com,false
C00614,2025-09-19,PT,mid_market,user614@example.com,true
C00615,2025-11-28,IT,enterprise,user615@example.com,true
C00616,2025-07-12,PT,mid_market,user616@example.com,true
C00617,2025-04-16,IT,enterprise,user617@example.com,true
C00618,2025-04-25,GR,consumer,user618@example.com,true
C00619,2025-10-20,GR,smb,user619@example.com,false
C00620,2025-03-08,FR,enterprise,user620@example.com,true
C00621,2025-02-21,PT,mid_market,user621@example.com,false
C00622,2025-05-26,FR,enterprise,user622@example.com,true
C00623,2025-04-23,GR,consumer,user623@example.com,false
C00624,2025-10-10,PT,smb,user624@example.com,true
C00625,2025-05-08,FR,smb,user625@example.com,true
C00626,2025-04-16,DE,mid_market,user626@example.com,true
C00627,2025-05-11,IT,smb,user627@example.com,true
C00628,2025-06-04,ES,smb,user628@example.com,true
C00629,2025-11-06,GR,consumer,user629@example.com,true
C00630,2025-02-01,DE,mid_market,user630@example.com,true
C00631,2025-11-09,IT,smb,user631@example.com,true
C00632,2025-06-11,FR,enterprise,user632@example.com,false
C00633,2025-02-07,ES,smb,user633@example.com,true
C00634,2025-10-12,GR,smb,user634@example.com,true
C00635,2025-05-04,IT,smb,user635@example.com,true
C00636,2025-04-07,IT,mid_market,user636@example.com,false
C00637,2025-09-26,ES,enterprise,user637@example.com,false
C00638,2025-07-11,DE,mid_market,user638@example.com,true
C00639,2025-01-13,DE,consumer,user639@example.com,false
C00640,2025-03-05,ES,smb,user640@example.com,false
C00641,2025-12-20,ES,smb,user641@example.com,true
C00642,2025-08-26,IT,smb,user642@example.com,true
C00643,2025-12-12,IT,enterprise,user643@example.com,true
C00644,2025-08-04,FR,mid_market,user644@example.com,true
C00645,2025-06-05,DE,enterprise,user645@example.com,true
C00646,2025-04-13,IT,enterprise,user646@example.com,true
C00647,2025-09-19,ES,mid_market,user647@example.com,false
C00648,2025-10-28,IT,consumer,user648@example.com,true
C00649,2025-06-10,ES,consumer,user649@example.com,true
C00650,2025-01-20,FR,enterprise,user650@example.com,true
C00651,2025-12-14,ES,mid_market,user651@example.com,false
C00652,2025-01-22,FR,smb,user652@example.com,false
C00653,2025-10-24,ES,enterprise,user653@example.com,false
C00654,2025-11-11,GR,consumer,user654@example.com,true
C00655,2025-02-21,GR,mid_market,user655@example.com,true
C00656,2025-03-04,FR,consumer,user656@example.com,true
C00657,2025-01-04,PT,enterprise,user657@example.com,true
C00658,2025-02-01,DE,consumer,user658@example.com,true
C00659,2025-01-13,GR,smb,user659@example.com,true
C00660,2025-01-15,GR,mid_market,user660@example.com,false
C00661,2025-05-21,IT,enterprise,user661@example.com,true
C00662,2025-03-19,IT,enterprise,user662@example.com,true
C00663,2025-07-27,FR,consumer,user663@example.com,true
C00664,2025-12-03,FR,mid_market,user664@example.com,true
C00665,2025-05-15,IT,mid_market,user665@example.com,false
C00666,2025-10-10,DE,enterprise,user666@example.com,false
C00667,2025-09-20,FR,consumer,user667@example.com,true
C00668,2025-04-27,GR,smb,user668@example.com,true
C00669,2025-10-16,ES,smb,user669@example.com,true
C00670,2025-09-02,GR,consumer,user670@example.com,false
C00671,2025-11-18,ES,enterprise,user671@example.com,true
C00672,2025-07-19,GR,smb,user672@example.com,true
C00673,2025-06-11,ES,mid_market,user673@example.com,true
C00674,2025-07-16,DE,consumer,user674@example.com,false
C00675,2025-12-21,ES,mid_market,user675@example.com,false
C00676,2025-06-21,PT,smb,user676@example.com,true
C00677,2025-05-03,ES,mid_market,user677@example.com,true
C00678,2025-03-18,FR,enterprise,user678@example.com,true
C00679,2025-06-16,PT,mid_market,user679@example.com,false
C00680,2025-02-15,FR,mid_market,user680@example.com,false
C00681,2025-06-01,PT,enterprise,user681@example.com,true
C00682,2025-01-09,GR,mid_market,user682@example.com,true
C00683,2025-10-27,DE,smb,user683@example.com,true
C00684,2025-09-06,GR,consumer,user684@example.com,true
C00685,2025-09-28,IT,enterprise,user685@example.com,false
C00686,2025-12-25,ES,smb,user686@example.com,true
C00687,2025-11-17,GR,enterprise,user687@example.com,false
C00688,2025-07-27,DE,consumer,user688@example.com,false
C00689,2025-09-19,DE,mid_market,user689@example.com,true
C00690,2025-07-17,PT,enterprise,user690@example.com,true
C00691,2025-01-04,IT,consumer,user691@example.com,true
C00692,2025-07-16,FR,smb,user692@example.com,false
C00693,2025-04-24,IT,enterprise,user693@example.com,true
C00694,2025-11-14,GR,enterprise,user694@example.com,false
C00695,2025-06-26,IT,mid_market,user695@example.com,false
C00696,2025-04-12,DE,consumer,user696@example.com,false
C00697,2025-11-26,IT,smb,user697@example.com,true
C00698,2025-04-25,ES,consumer,user698@example.com,true
C00699,2025-07-28,IT,consumer,user699@example.com,true
C00700,2025-07-02,ES,consumer,user700@example.com,true
C00701,2025-06-16,ES,enterprise,user701@example.com,true
C00702,2025-06-07,IT,enterprise,user702@example.com,true
C00703,2025-07-03,ES,enterprise,user703@example.com,true
C00704,2025-07-12,PT,mid_market,user704@example.com,true
C00705,2025-09-03,PT,mid_market,user705@example.com,false
C00706,2025-02-10,ES,consumer,user706@example.com,true
C00707,2025-04-28,FR,enterprise,user707@example.com,false
C00708,2025-06-28,DE,enterprise,user708@example.com,false
C00709,2025-04-06,GR,enterprise,user709@example.com,true
C00710,2025-01-18,DE,enterprise,user710@example.com,false
C00711,2025-03-02,GR,consumer,user711@example.com,true
C00712,2025-02-22,GR,enterprise,user712@example.com,false
C00713,2025-11-03,DE,consumer,user713@example.com,false
C00714,2025-01-25,FR,mid_market,user714@example.com,false
C00715,2025-09-19,GR,mid_market,user715@example.com,true
C00716,2025-02-14,PT,mid_market,user716@example.com,true
C00717,2025-09-04,IT,consumer,user717@example.com,true
C00718,2025-01-04,GR,enterprise,user718@example.com,true
C00719,2025-11-25,PT,mid_market,user719@example.com,true
C00720,2025-07-14,IT,mid_market,user720@example.com,true
C00721,2025-07-20,FR,consumer,user721@example.com,true
C00722,2025-03-16,PT,enterprise,user722@example.com,true
C00723,2025-08-04,PT,smb,user723@example.com,true
C00724,2025-10-12,IT,mid_market,user724@example.com,false
C00725,2025-02-16,FR,enterprise,user725@example.com,false
C00726,2025-04-03,DE,smb,user726@example.com,false
C00727,2025-02-08,PT,smb,user727@example.com,true
C00728,2025-10-15,ES,smb,user728@example.com,false
C00729,2025-04-25,ES,consumer,user729@example.com,true
C00730,2025-09-02,ES,enterprise,user730@example.com,true
C00731,2025-06-11,IT,consumer,user731@example.com,true
C00732,2025-06-10,IT,smb,user732@example.com,false
C00733,2025-11-13,IT,smb,user733@example.com,true
C00734,2025-05-09,DE,smb,user734@example.com,true
C00735,2025-08-23,ES,consumer,user735@example.com,true
C00736,2025-10-24,ES,enterprise,user736@example.com,true
C00737,2025-11-16,DE,enterprise,user737@example.com,true
C00738,2025-06-16,FR,mid_market,user738@example.com,false
C00739,2025-08-12,IT,smb,user739@example.com,false
C00740,2025-05-22,ES,enterprise,user740@example.com,false
C00741,2025-05-15,DE,enterprise,user741@example.com,false
C00742,2025-01-11,PT,smb,user742@example.com,false
C00743,2025-12-11,IT,smb,user743@example.com,true
C00744,2025-05-18,IT,consumer,user744@example.com,true
C00745,2025-08-03,PT,mid_market,user745@example.com,true
C00746,2025-02-16,IT,consumer,user746@example.com,true
C00747,2025-10-21,IT,mid_market,user747@example.com,true
C00748,2025-01-16,DE,smb,user748@example.com,true
C00749,2025-08-18,DE,enterprise,user749@example.com,true
C00750,2025-12-22,ES,smb,user750@example.com,false
C00751,2025-07-15,DE,enterprise,user751@example.com,true
C00752,2025-02-07,FR,mid_market,user752@example.com,true
C00753,2025-11-16,ES,smb,user753@example.com,true
C00754,2025-06-27,GR,mid_market,user754@example.com,false
C00755,2025-12-25,GR,consumer,user755@example.com,false
C00756,2025-01-02,IT,consumer,user756@example.com,false
C00757,2025-09-16,FR,mid_market,user757@example.com,false
C00758,2025-10-05,DE,consumer,user758@example.com,true
C00759,2025-02-07,ES,enterprise,user759@example.com,true
C00760,2025-02-25,IT,mid_market,user760@example.com,true
C00761,2025-12-03,FR,mid_market,user761@example.com,true
C00762,2025-11-27,GR,enterprise,user762@example.com,true
C00763,2025-08-04,IT,consumer,user763@example.com,true
C00764,2025-07-10,ES,consumer,user764@example.com,true
C00765,2025-01-22,GR,consumer,user765@example.com,false
C00766,2025-01-21,IT,consumer,user766@example.com,false
C00767,2025-10-22,PT,consumer,user767@example.com,true
C00768,2025-12-09,FR,consumer,user768@example.com,false
C00769,2025-08-07,PT,smb,user769@example.com,true
C00770,2025-07-13,PT,enterprise,user770@example.com,true
C00771,2025-04-18,DE,mid_market,user771@example.com,true
C00772,2025-11-10,FR,enterprise,user772@example.com,false
C00773,2025-07-10,ES,mid_market,user773@example.com,false
C00774,2025-11-04,GR,consumer,user774@example.com,false
C00775,2025-06-19,GR,consumer,user775@example.com,true
C00776,2025-10-22,IT,smb,user776@example.com,true
C00777,2025-02-05,IT,smb,user777@example.com,false
C00778,2025-09-05,FR,smb,user778@example.com,false
C00779,2025-09-22,ES,enterprise,user779@example.com,false
C00780,2025-12-13,IT,smb,user780@example.com,true
C00781,2025-12-19,PT,mid_market,user781@example.com,true
C00782,2025-02-11,ES,consumer,user782@example.com,false
C00783,2025-01-18,IT,consumer,user783@example.com,true
C00784,2025-10-04,GR,mid_market,user784@example.com,true
C00785,2025-09-20,PT,consumer,user785@example.com,true
C00786,2025-05-28,IT,consumer,user786@example.com,true
C00787,2025-06-07,GR,enterprise,user787@example.com,false
C00788,2025-12-17,PT,enterprise,user788@example.com,false
C00789,2025-10-13,IT,mid_market,user789@example.com,false
C00790,2025-12-17,GR,consumer,user790@example.com,true
C00791,2025-01-09,FR,consumer,user791@example.com,false
C00792,2025-12-04,ES,consumer,user792@example.com,false
C00793,2025-02-28,DE,smb,user793@example.com,true
C00794,2025-11-10,FR,consumer,user794@example.com,false
C00795,2025-12-20,FR,smb,user795@example.com,false
C00796,2025-06-25,DE,enterprise,user796@example.com,true
C00797,2025-02-25,DE,enterprise,user797@example.com,true
C00798,2025-07-03,ES,enterprise,user798@example.com,true
C00799,2025-03-24,IT,enterprise,user799@example.com,true
C00800,2025-10-10,PT,consumer,user800@example.com,false
C00801,2025-09-11,DE,smb,user801@example.com,true
C00802,2025-05-09,ES,consumer,user802@example.com,true
C00803,2025-05-04,GR,enterprise,user803@example.com,true
C00804,2025-02-15,PT,enterprise,user804@example.com,false
C00805,2025-09-16,DE,consumer,user805@example.com,true
C00806,2025-06-07,FR,consumer,user806@example.com,true
C00807,2025-02-15,DE,consumer,user807@example.com,true
C00808,2025-03-14,PT,consumer,user808@example.com,false
C00809,2025-10-02,GR,enterprise,user809@example.com,true
C00810,2025-06-27,DE,mid_market,user810@example.com,true
C00811,2025-04-27,FR,enterprise,user811@example.com,false
C00812,2025-11-08,FR,smb,user812@example.com,true
C00813,2025-07-28,GR,consumer,user813@example.com,true
C00814,2025-12-24,IT,enterprise,user814@example.com,true
C00815,2025-07-22,FR,enterprise,user815@example.com,true
C00816,2025-11-10,PT,mid_market,user816@example.com,false
C00817,2025-11-25,GR,enterprise,user817@example.com,true
C00818,2025-12-08,DE,mid_market,user818@example.com,true
C00819,2025-02-03,IT,consumer,user819@example.com,false
C00820,2025-05-17,GR,smb,user820@example.com,true
C00821,2025-02-26,FR,enterprise,user821@example.com,false
C00822,2025-12-16,GR,consumer,user822@example.com,true
C00823,2025-07-24,ES,mid_market,user823@example.com,true
C00824,2025-02-03,PT,mid_market,user824@example.com,true
C00825,2025-03-09,FR,smb,user825@example.com,true
C00826,2025-12-06,PT,smb,user826@example.com,true
C00827,2025-08-25,DE,smb,user827@example.com,true
C00828,2025-10-26,PT,mid_market,user828@example.com,true
C00829,2025-07-13,ES,consumer,user829@example.com,true
C00830,2025-01-23,GR,mid_market,user830@example.com,true
C00831,2025-05-24,GR,enterprise,user831@example.com,false
C00832,2025-10-24,PT,enterprise,user832@example.com,true
C00833,2025-04-26,DE,smb,user833@example.com,true
C00834,2025-05-11,ES,enterprise,user834@example.com,true
C00835,2025-02-23,PT,mid_market,user835@example.com,true
C00836,2025-11-08,GR,mid_market,user836@example.com,true
C00837,2025-07-08,GR,enterprise,user837@example.com,true
C00838,2025-12-22,ES,consumer,user838@example.com,true
C00839,2025-06-11,FR,smb,user839@example.com,true
C00840,2025-11-27,DE,enterprise,user840@example.com,false
C00841,2025-09-27,DE,consumer,user841@example.com,false
C00842,2025-07-03,GR,mid_market,user842@example.com,true
C00843,2025-11-08,IT,consumer,user843@example.com,true
C00844,2025-02-18,FR,enterprise,user844@example.com,false
C00845,2025-02-20,IT,mid_market,user845@example.com,false
C00846,2025-06-15,GR,enterprise,user846@example.com,false
C00847,2025-04-25,DE,enterprise,user847@example.com,true
C00848,2025-05-11,PT,smb,user848@example.com,true
C00849,2025-11-11,PT,mid_market,user849@example.com,true
C00850,2025-05-15,FR,consumer,user850@example.com,false
C00851,2025-11-01,IT,consumer,user851@example.com,true
C00852,2025-11-16,IT,mid_market,user852@example.com,true
C00853,2025-09-01,GR,consumer,user853@example.com,false
C00854,2025-06-14,IT,mid_market,user854@example.com,true
C00855,2025-10-19,GR,consumer,user855@example.com,false
C00856,2025-10-23,DE,smb,user856@example.com,true
C00857,2025-12-21,ES,enterprise,user857@example.com,false
C00858,2025-05-21,PT,smb,user858@example.com,true
C00859,2025-05-12,PT,smb,user859@example.com,true
C00860,2025-04-11,GR,enterprise,user860@example.com,true
C00861,2025-06-06,PT,smb,user861@example.com,false
C00862,2025-04-25,PT,smb,user862@example.com,true
C00863,2025-02-26,GR,smb,user863@example.com,true
C00864,2025-08-08,ES,consumer,user864@example.com,true
C00865,2025-04-04,DE,consumer,user865@example.com,true
C00866,2025-12-01,FR,enterprise,user866@example.com,true
C00867,2025-11-01,PT,consumer,user867@example.com,true
C00868,2025-12-25,ES,mid_market,user868@example.com,true
C00869,2025-02-19,ES,mid_market,user869@example.com,true
C00870,2025-10-21,DE,consumer,user870@example.com,true
C00871,2025-05-25,PT,enterprise,user871@example.com,false
C00872,2025-01-13,DE,smb,user872@example.com,false
C00873,2025-11-19,IT,consumer,user873@example.com,false
C00874,2025-12-03,PT,consumer,user874@example.com,false
C00875,2025-03-15,FR,smb,user875@example.com,true
C00876,2025-11-22,PT,consumer,user876@example.com,false
C00877,2025-12-16,PT,mid_market,user877@example.com,true
C00878,2025-07-28,FR,consumer,user878@example.com,true
C00879,2025-07-03,GR,enterprise,user879@example.com,true
C00880,2025-04-25,DE,smb,user880@example.com,true
C00881,2025-10-10,GR,consumer,user881@example.com,true
C00882,2025-10-15,PT,smb,user882@example.com,true
C00883,2025-02-13,ES,enterprise,user883@example.com,true
C00884,2025-07-18,FR,enterprise,user884@example.com,true
C00885,2025-09-20,DE,enterprise,user885@example.com,true
C00886,2025-08-19,PT,smb,user886@example.com,false
C00887,2025-09-12,DE,mid_market,user887@example.com,true
C00888,2025-08-17,GR,mid_market,user888@example.com,false
C00889,2025-06-05,PT,consumer,user889@example.com,true
C00890,2025-08-18,ES,smb,user890@example.com,true
C00891,2025-03-12,GR,mid_market,user891@example.com,false
C00892,2025-01-12,FR,mid_market,user892@example.com,true
C00893,2025-01-17,GR,consumer,user893@example.com,false
C00894,2025-12-01,GR,mid_market,user894@example.com,true
C00895,2025-08-02,ES,enterprise,user895@example.com,false
C00896,2025-08-20,GR,enterprise,user896@example.com,false
C00897,2025-07-10,GR,smb,user897@example.com,true
C00898,2025-01-21,FR,mid_market,user898@example.com,true
C00899,2025-01-15,PT,mid_market,user899@example.com,true
C00900,2025-01-15,GR,smb,user900@example.com,true
C00901,2025-04-17,DE,smb,user901@example.com,true
C00902,2025-02-12,IT,consumer,user902@example.com,false
C00903,2025-07-23,DE,enterprise,user903@example.com,true
C00904,2025-08-28,FR,mid_market,user904@example.com,true
C00905,2025-09-25,DE,mid_market,user905@example.com,true
C00906,2025-07-14,FR,consumer,user906@example.com,true
C00907,2025-06-06,DE,enterprise,user907@example.com,true
C00908,2025-07-22,ES,enterprise,user908@example.com,false
C00909,2025-08-19,PT,consumer,user909@example.com,true
C00910,2025-05-03,GR,consumer,user910@example.com,true
C00911,2025-01-05,DE,consumer,user911@example.com,true
C00912,2025-02-21,PT,smb,user912@example.com,false
C00913,2025-02-19,ES,consumer,user913@example.com,true
C00914,2025-12-11,FR,smb,user914@example.com,true
C00915,2025-04-11,IT,enterprise,user915@example.com,true
C00916,2025-04-06,GR,consumer,user916@example.com,true
C00917,2025-01-23,ES,mid_market,user917@example.com,true
C00918,2025-07-26,PT,consumer,user918@example.com,true
C00919,2025-01-14,GR,enterprise,user919@example.com,true
C00920,2025-06-21,PT,consumer,user920@example.com,true
C00921,2025-05-28,GR,consumer,user921@example.com,true
C00922,2025-06-21,FR,consumer,user922@example.com,true
C00923,2025-06-23,FR,consumer,user923@example.com,true
C00924,2025-07-01,GR,mid_market,user924@example.com,false
C00925,2025-03-06,FR,mid_market,user925@example.com,false
C00926,2025-04-19,DE,consumer,user926@example.com,true
C00927,2025-07-14,ES,smb,user927@example.com,true
C00928,2025-07-21,GR,enterprise,user928@example.com,true
C00929,2025-02-01,DE,consumer,user929@example.com,true
C00930,2025-03-04,DE,consumer,user930@example.com,true
C00931,2025-06-08,IT,consumer,user931@example.com,false
C00932,2025-03-22,ES,consumer,user932@example.com,false
C00933,2025-12-02,IT,mid_market,user933@example.com,true
C00934,2025-01-19,ES,consumer,user934@example.com,false
C00935,2025-02-16,GR,consumer,user935@example.com,true
C00936,2025-04-26,ES,mid_market,user936@example.com,false
C00937,2025-11-04,FR,mid_market,user937@example.com,true
C00938,2025-03-02,DE,smb,user938@example.com,true
C00939,2025-04-02,ES,consumer,user939@example.com,false
C00940,2025-02-05,DE,consumer,user940@example.com,false
C00941,2025-03-21,FR,mid_market,user941@example.com,false
C00942,2025-04-24,IT,mid_market,user942@example.com,false
C00943,2025-02-09,DE,enterprise,user943@example.com,false
C00944,2025-09-16,DE,smb,user944@example.com,true
C00945,2025-11-18,IT,smb,user945@example.com,true
C00946,2025-10-15,ES,mid_market,user946@example.com,false
C00947,2025-02-16,ES,mid_market,user947@example.com,true
C00948,2025-07-23,DE,smb,user948@example.com,true
C00949,2025-08-26,IT,mid_market,user949@example.com,true
C00950,2025-09-07,DE,consumer,user950@example.com,false
C00951,2025-12-16,ES,smb,user951@example.com,true
C00952,2025-07-25,DE,mid_market,user952@example.com,false
C00953,2025-11-06,PT,consumer,user953@example.com,true
C00954,2025-03-24,ES,consumer,user954@example.com,true
C00955,2025-11-09,ES,enterprise,user955@example.com,true
C00956,2025-01-18,PT,consumer,user956@example.com,false
C00957,2025-04-08,PT,consumer,user957@example.com,true
C00958,2025-03-22,ES,enterprise,user958@example.com,false
C00959,2025-12-14,GR,enterprise,user959@example.com,false
C00960,2025-06-23,FR,smb,user960@example.com,true
C00961,2025-07-03,FR,smb,user961@example.com,true
C00962,2025-02-11,ES,consumer,user962@example.com,true
C00963,2025-01-06,FR,mid_market,user963@example.com,true
C00964,2025-08-25,GR,mid_market,user964@example.com,true
C00965,2025-01-10,IT,mid_market,user965@example.com,false
C00966,2025-09-27,GR,mid_market,user966@example.com,false
C00967,2025-05-15,IT,smb,user967@example.com,true
C00968,2025-08-19,GR,consumer,user968@example.com,true
C00969,2025-11-21,DE,consumer,user969@example.com,true
C00970,2025-08-08,GR,mid_market,user970@example.com,true
C00971,2025-04-01,PT,mid_market,user971@example.com,false
C00972,2025-09-24,DE,mid_market,user972@example.com,false
C00973,2025-02-11,PT,enterprise,user973@example.com,true
C00974,2025-08-05,DE,consumer,user974@example.com,true
C00975,2025-03-03,DE,consumer,user975@example.com,false
C00976,2025-01-10,PT,mid_market,user976@example.com,false
C00977,2025-07-12,IT,smb,user977@example.com,true
C00978,2025-11-23,IT,smb,user978@example.com,true
C00979,2025-01-19,DE,smb,user979@example.com,false
C00980,2025-10-13,FR,consumer,user980@example.com,false
C00981,2025-12-15,GR,mid_market,user981@example.com,true
C00982,2025-03-12,FR,smb,user982@example.com,true
C00983,2025-05-02,PT,consumer,user983@example.com,true
C00984,2025-07-28,IT,mid_market,user984@example.com,true
C00985,2025-10-14,FR,smb,user985@example.com,true
C00986,2025-09-25,ES,mid_market,user986@example.com,true
C00987,2025-09-22,GR,enterprise,user987@example.com,true
C00988,2025-02-04,FR,consumer,user988@example.com,true
C00989,2025-09-03,PT,mid_market,user989@example.com,false
C00990,2025-10-09,GR,consumer,user990@example.com,true
C00991,2025-11-21,PT,consumer,user991@example.com,true
C00992,2025-12-25,FR,smb,user992@example.com,true
C00993,2025-03-05,IT,enterprise,user993@example.com,false
C00994,2025-06-09,IT,mid_market,user994@example.com,true
C00995,2025-04-16,ES,consumer,user995@example.com,true
C00996,2025-04-26,ES,smb,user996@example.com,false
C00997,2025-06-26,DE,mid_market,user997@example.com,true
C00998,2025-08-21,ES,mid_market,user998@example.com,false
C00999,2025-02-14,DE,mid_market,user999@example.com,true
C01000,2025-11-04,GR,mid_market,user1000@example.com,false
C01001,2025-10-07,FR,mid_market,user1001@example.com,false
C01002,2025-07-28,DE,enterprise,user1002@example.com,true
C01003,2025-08-22,IT,consumer,user1003@example.com,false
C01004,2025-08-05,FR,mid_market,user1004@example.com,true
C01005,2025-06-27,ES,mid_market,user1005@example.com,false
C01006,2025-09-21,PT,smb,user1006@example.com,true
C01007,2025-12-27,IT,enterprise,user1007@example.com,false
C01008,2025-09-28,ES,consumer,user1008@example.com,true
C01009,2025-07-16,ES,smb,user1009@example.com,true
C01010,2025-12-23,FR,smb,user1010@example.com,true
C01011,2025-12-14,PT,mid_market,user1011@example.com,true
C01012,2025-06-03,ES,enterprise,user1012@example.com,false
C01013,2025-04-04,FR,smb,user1013@example.com,true
C01014,2025-01-09,DE,enterprise,user1014@example.com,false
C01015,2025-06-28,ES,consumer,user1015@example.com,true
C01016,2025-11-23,IT,enterprise,user1016@example.com,true
C01017,2025-07-21,DE,consumer,user1017@example.com,true
C01018,2025-02-17,PT,mid_market,user1018@example.com,false
C01019,2025-01-15,ES,enterprise,user1019@example.com,true
C01020,2025-05-11,FR,consumer,user1020@example.com,false
C01021,2025-07-09,IT,enterprise,user1021@example.com,true
C01022,2025-11-27,PT,smb,user1022@example.com,true
C01023,2025-03-02,PT,smb,user1023@example.com,true
C01024,2025-03-28,DE,enterprise,user1024@example.com,true
C01025,2025-08-03,FR,smb,user1025@example.com,true
C01026,2025-02-02,PT,smb,user1026@example.com,true
C01027,2025-05-07,FR,consumer,user1027@example.com,true
C01028,2025-12-19,PT,consumer,user1028@example.com,true
C01029,2025-05-15,IT,mid_market,user1029@example.com,false
C01030,2025-02-26,GR,enterprise,user1030@example.com,true
C01031,2025-02-12,PT,consumer,user1031@example.com,false
C01032,2025-11-04,FR,consumer,user1032@example.com,true
C01033,2025-06-20,GR,consumer,user1033@example.com,false
C01034,2025-10-21,FR,mid_market,user1034@example.com,true
C01035,2025-01-02,ES,enterprise,user1035@example.com,true
C01036,2025-10-18,DE,mid_market,user1036@example.com,false
C01037,2025-10-04,DE,mid_market,user1037@example.com,false
C01038,2025-07-23,PT,smb,user1038@example.com,true
C01039,2025-12-23,IT,mid_market,user1039@example.com,true
C01040,2025-04-16,GR,smb,user1040@example.com,true
C01041,2025-07-07,DE,consumer,user1041@example.com,false
C01042,2025-10-05,ES,mid_market,user1042@example.com,true
C01043,2025-10-02,FR,consumer,user1043@example.com,true
C01044,2025-12-06,FR,enterprise,user1044@example.com,true
C01045,2025-01-15,GR,consumer,user1045@example.com,true
C01046,2025-06-06,DE,consumer,user1046@example.com,true
C01047,2025-01-09,FR,consumer,user1047@example.com,false
C01048,2025-09-11,PT,consumer,user1048@example.com,true
C01049,2025-04-11,IT,consumer,user1049@example.com,true
C01050,2025-06-21,IT,enterprise,user1050@example.com,true
C01051,2025-08-26,PT,mid_market,user1051@example.com,true
C01052,2025-02-07,FR,enterprise,user1052@example.com,false
C01053,2025-04-18,GR,enterprise,user1053@example.com,true
C01054,2025-03-24,ES,consumer,user1054@example.com,true
C01055,2025-08-12,DE,smb,user1055@example.com,true
C01056,2025-12-17,GR,mid_market,user1056@example.com,true
C01057,2025-12-24,DE,mid_market,user1057@example.com,false
C01058,2025-11-25,ES,enterprise,user1058@example.com,false
C01059,2025-08-21,GR,consumer,user1059@example.com,true
C01060,2025-07-09,IT,consumer,user1060@example.com,false
C01061,2025-07-08,PT,mid_market,user1061@example.com,true
C01062,2025-02-24,IT,smb,user1062@example.com,true
C01063,2025-06-05,DE,smb,user1063@example.com,false
C01064,2025-04-23,ES,enterprise,user1064@example.com,false
C01065,2025-01-12,GR,consumer,user1065@example.com,false
C01066,2025-07-06,GR,consumer,user1066@example.com,true
C01067,2025-12-06,FR,smb,user1067@example.com,true
C01068,2025-02-28,FR,mid_market,user1068@example.com,true
C01069,2025-08-20,FR,mid_market,user1069@example.com,true
C01070,2025-01-12,PT,mid_market,user1070@example.com,true
C01071,2025-12-26,ES,smb,user1071@example.com,true
C01072,2025-03-15,DE,consumer,user1072@example.com,true
C01073,2025-03-17,ES,consumer,user1073@example.com,true
C01074,2025-04-20,IT,smb,user1074@example.com,true
C01075,2025-01-04,ES,mid_market,user1075@example.com,true
C01076,2025-11-11,FR,smb,user1076@example.com,true
C01077,2025-08-26,PT,mid_market,user1077@example.com,true
C01078,2025-09-24,FR,smb,user1078@example.com,true
C01079,2025-01-27,GR,smb,user1079@example.com,true
C01080,2025-02-15,FR,consumer,user1080@example.com,false
C01081,2025-04-10,PT,smb,user1081@example.com,true
C01082,2025-09-17,PT,smb,user1082@example.com,true
C01083,2025-09-23,PT,enterprise,user1083@example.com,false
C01084,2025-10-16,ES,enterprise,user1084@example.com,true
C01085,2025-10-22,IT,mid_market,user1085@example.com,true
C01086,2025-03-12,FR,mid_market,user1086@example.com,false
C01087,2025-05-07,DE,smb,user1087@example.com,true
C01088,2025-06-19,IT,smb,user1088@example.com,true
C01089,2025-03-06,DE,smb,user1089@example.com,true
C01090,2025-05-08,ES,smb,user1090@example.com,false
C01091,2025-05-03,GR,smb,user1091@example.com,true
C01092,2025-06-12,DE,smb,user1092@example.com,true
C01093,2025-03-17,PT,mid_market,user1093@example.com,false
C01094,2025-07-04,DE,smb,user1094@example.com,true
C01095,2025-10-16,PT,enterprise,user1095@example.com,true
C01096,2025-02-07,FR,mid_market,user1096@example.com,true
C01097,2025-11-20,PT,enterprise,user1097@example.com,true
C01098,2025-02-07,ES,smb,user1098@example.com,true
C01099,2025-03-02,IT,enterprise,user1099@example.com,false
C01100,2025-03-07,FR,mid_market,user1100@example.com,true
C01101,2025-01-08,DE,smb,user1101@example.com,false
C01102,2025-03-10,IT,mid_market,user1102@example.com,false
C01103,2025-11-06,IT,mid_market,user1103@example.com,true
C01104,2025-11-09,PT,consumer,user1104@example.com,true
C01105,2025-10-28,FR,enterprise,user1105@example.com,false
C01106,2025-02-09,PT,mid_market,user1106@example.com,true
C01107,2025-07-21,IT,mid_market,user1107@example.com,true
C01108,2025-01-02,GR,smb,user1108@example.com,true
C01109,2025-04-24,ES,enterprise,user1109@example.com,true
C01110,2025-10-24,ES,mid_market,user1110@example.com,true
C01111,2025-01-01,ES,consumer,user1111@example.com,true
C01112,2025-09-23,GR,smb,user1112@example.com,true
C01113,2025-07-28,IT,consumer,user1113@example.com,true
C01114,2025-09-09,ES,smb,user1114@example.com,false
C01115,2025-02-17,ES,mid_market,user1115@example.com,false
C01116,2025-08-24,DE,consumer,user1116@example.com,true
C01117,2025-10-01,GR,enterprise,user1117@example.com,true
C01118,2025-08-18,PT,smb,user1118@example.com,true
C01119,2025-07-17,IT,mid_market,user1119@example.com,true
C01120,2025-08-18,IT,mid_market,user1120@example.com,true
C01121,2025-03-10,PT,smb,user1121@example.com,false
C01122,2025-07-19,IT,enterprise,user1122@example.com,true
C01123,2025-10-27,ES,smb,user1123@example.com,true
C01124,2025-04-08,FR,enterprise,user1124@example.com,true
C01125,2025-09-23,DE,enterprise,user1125@example.com,true
C01126,2025-12-14,DE,mid_market,user1126@example.com,true
C01127,2025-07-18,FR,smb,user1127@example.com,true
C01128,2025-03-20,FR,mid_market,user1128@example.com,false
C01129,2025-08-03,IT,mid_market,user1129@example.com,true
C01130,2025-12-09,FR,enterprise,user1130@example.com,false
C01131,2025-01-06,IT,mid_market,user1131@example.com,false
C01132,2025-09-24,DE,mid_market,user1132@example.com,false
C01133,2025-03-13,GR,mid_market,user1133@example.com,true
C01134,2025-01-28,ES,consumer,user1134@example.com,true
C01135,2025-11-19,PT,consumer,user1135@example.com,true
C01136,2025-11-26,ES,smb,user1136@example.com,true
C01137,2025-09-19,ES,enterprise,user1137@example.com,true
C01138,2025-08-25,ES,consumer,user1138@example.com,true
C01139,2025-02-23,IT,smb,user1139@example.com,true
C01140,2025-01-05,DE,enterprise,user1140@example.com,true
C01141,2025-03-14,GR,consumer,user1141@example.com,false
C01142,2025-04-09,FR,consumer,user1142@example.com,true
C01143,2025-06-24,FR,smb,user1143@example.com,false
C01144,2025-03-01,DE,mid_market,user1144@example.com,true
C01145,2025-02-26,ES,mid_market,user1145@example.com,true
C01146,2025-01-14,IT,enterprise,user1146@example.com,true
C01147,2025-05-21,DE,smb,user1147@example.com,false
C01148,2025-02-05,FR,enterprise,user1148@example.com,true
C01149,2025-08-19,GR,mid_market,user1149@example.com,true
C01150,2025-11-20,FR,mid_market,user1150@example.com,false
C01151,2025-02-07,FR,consumer,user1151@example.com,false
C01152,2025-06-06,IT,mid_market,user1152@example.com,true
C01153,2025-12-10,DE,consumer,user1153@example.com,true
C01154,2025-02-04,PT,enterprise,user1154@example.com,true
C01155,2025-03-19,GR,consumer,user1155@example.com,true
C01156,2025-01-07,FR,enterprise,user1156@example.com,false
C01157,2025-06-24,GR,consumer,user1157@example.com,true
C01158,2025-09-05,IT,enterprise,user1158@example.com,true
C01159,2025-04-17,GR,smb,user1159@example.com,false
C01160,2025-11-16,IT,consumer,user1160@example.com,true
C01161,2025-12-23,ES,enterprise,user1161@example.com,true
C01162,2025-03-11,FR,enterprise,user1162@example.com,false
C01163,2025-11-01,PT,mid_market,user1163@example.com,true
C01164,2025-11-23,DE,enterprise,user1164@example.com,true
C01165,2025-02-24,FR,consumer,user1165@example.com,true
C01166,2025-03-04,DE,enterprise,user1166@example.com,false
C01167,2025-06-27,ES,consumer,user1167@example.com,false
C01168,2025-12-21,ES,enterprise,user1168@example.com,true
C01169,2025-06-01,GR,enterprise,user1169@example.com,false
C01170,2025-11-17,DE,smb,user1170@example.com,true
C01171,2025-01-28,ES,enterprise,user1171@example.com,true
C01172,2025-06-03,FR,mid_market,user1172@example.com,true
C01173,2025-09-12,DE,enterprise,user1173@example.com,true
C01174,2025-03-03,GR,enterprise,user1174@example.com,false
C01175,2025-11-27,DE,mid_market,user1175@example.com,true
C01176,2025-12-16,IT,mid_market,user1176@example.com,false
C01177,2025-05-11,ES,mid_market,user1177@example.com,true
C01178,2025-02-25,PT,smb,user1178@example.com,true
C01179,2025-10-28,PT,mid_market,user1179@example.com,false
C01180,2025-02-18,IT,smb,user1180@example.com,false
C01181,2025-07-06,PT,enterprise,user1181@example.com,false
C01182,2025-07-10,GR,mid_market,user1182@example.com,true
C01183,2025-08-27,FR,mid_market,user1183@example.com,true
C01184,2025-03-19,DE,smb,user1184@example.com,true
C01185,2025-08-11,ES,smb,user1185@example.com,false
C01186,2025-07-09,FR,smb,user1186@example.com,false
C01187,2025-05-01,GR,consumer,user1187@example.com,true
C01188,2025-11-12,FR,smb,user1188@example.com,false
C01189,2025-09-14,ES,mid_market,user1189@example.com,true
C01190,2025-02-15,ES,enterprise,user1190@example.com,true
C01191,2025-12-22,FR,mid_market,user1191@example.com,true
C01192,2025-08-09,FR,enterprise,user1192@example.com,true
C01193,2025-06-20,GR,enterprise,user1193@example.com,true
C01194,2025-10-06,ES,smb,user1194@example.com,true
C01195,2025-06-04,DE,mid_market,user1195@example.com,true
C01196,2025-12-06,DE,mid_market,user1196@example.com,true
C01197,2025-10-18,ES,enterprise,user1197@example.com,true
C01198,2025-10-06,FR,consumer,user1198@example.com,false
C01199,2025-11-06,GR,enterprise,user1199@example.com,false
C01200,2025-02-02,PT,enterprise,user1200@example.com,true
